game_id,game,round,phase,season_code,team_id_a,team_id_b,fast_break_points_a,fast_break_points_b,turnover_points_a,turnover_points_b,second_chance_points_a,second_chance_points_b,defensive_rebounds_a,offensive_rebounds_b,offensive_rebounds_a,defensive_rebounds_b,turnovers_starters_a,turnovers_bench_a,turnovers_starters_b,turnovers_bench_b,steals_starters_a,steals_bench_a,steals_starters_b,steals_bench_b,assists_starters_a,assists_bench_a,assists_starters_b,assists_bench_b,points_starters_a,points_bench_a,points_starters_b,points_bench_b,max_a,minute_prev_a,prev_a,minute_str_a,str_a,max_b,minute_prev_b,prev_b,minute_str_b,str_b,max_lead_a,max_lead_b,minute_max_lead_a,minute_max_lead_b,points_max_lead_a,points_max_lead_b
E2023_001,RED-ASV,1,REGULAR SEASON,E2023,RED,ASV,9,3,15,10,7,4,23,9,17,22,3,7,11,5,4,6,4,1,9,10,15,2,58,36,58,15,8,22,54-37,23,62-37,7,26,64-43,28,64-50,25,2,23,1,62-37,0-2
E2023_002,BAR-IST,1,REGULAR SEASON,E2023,BAR,IST,4,2,19,21,16,4,26,9,9,16,9,4,6,4,3,2,6,3,15,6,20,4,45,46,38,36,12,8,15-19,12,27-19,6,15,34-26,16,34-32,17,4,40,5,91-74,9-13
E2023_003,MUN-BER,1,REGULAR SEASON,E2023,MUN,BER,6,11,11,15,20,5,29,3,20,14,9,7,3,6,3,2,7,3,8,4,10,4,47,33,48,20,11,19,33-44,23,44-44,9,4,8-2,6,8-11,17,11,35,19,74-57,33-44
E2023_004,TEL-PAR,1,REGULAR SEASON,E2023,TEL,PAR,13,8,16,20,13,6,19,7,15,19,7,5,8,8,7,4,3,4,18,13,6,12,54,42,24,57,10,31,74-60,34,84-60,8,16,45-28,17,45-36,24,2,34,2,84-60,3-5
E2023_005,VIR-ZAL,1,REGULAR SEASON,E2023,VIR,ZAL,6,4,18,19,11,10,22,8,10,22,5,9,10,5,3,5,4,2,15,6,8,3,43,36,56,26,11,7,10-13,10,21-13,10,35,73-67,39,73-77,15,8,18,5,40-25,2-10
E2023_006,ULK-MIL,1,REGULAR SEASON,E2023,ULK,MIL,12,7,11,9,4,17,23,10,4,31,7,5,13,6,4,1,7,2,8,7,11,7,36,49,68,14,6,8,13-23,10,19-23,10,3,8-8,7,8-18,10,10,27,7,55-45,8-18
E2023_007,PAN-OLY,1,REGULAR SEASON,E2023,PAN,OLY,4,15,12,23,10,9,25,8,7,22,8,11,8,6,6,2,10,3,12,3,17,3,47,31,66,22,9,14,30-29,17,39-29,14,39,74-72,44,74-86,10,13,17,45,39-29,75-88
E2023_008,BAS-MAD,1,REGULAR SEASON,E2023,BAS,MAD,7,15,10,14,20,6,32,8,21,28,6,7,6,3,1,3,3,4,12,6,7,12,39,38,40,39,9,26,56-58,28,65-58,9,10,23-16,11,23-25,7,5,10,13,23-16,29-34
E2023_009,PAM-MCO,1,REGULAR SEASON,E2023,PAM,MCO,2,6,14,14,17,11,24,11,14,18,13,7,8,8,3,2,11,1,5,9,11,2,35,35,42,23,10,12,19-25,15,29-25,9,21,41-38,26,41-47,7,8,40,28,70-63,43-51
E2023_010,BER-BAS,2,REGULAR SEASON,E2023,BER,BAS,10,10,28,20,12,12,21,14,10,25,7,9,14,6,4,8,5,3,9,10,10,9,31,55,50,41,7,30,61-76,33,68-76,13,21,49-51,27,49-64,2,16,2,27,2-0,51-67
E2023_011,IST-MAD,2,REGULAR SEASON,E2023,IST,MAD,15,23,14,23,8,12,19,10,13,28,4,6,6,3,1,6,2,1,12,7,18,4,40,40,70,33,15,8,9-26,10,24-26,12,5,9-14,8,9-26,0,23,0,26,,48-71
E2023_012,MIL-TEL,2,REGULAR SEASON,E2023,MIL,TEL,6,11,14,20,18,16,17,14,10,20,11,7,5,9,3,4,5,5,17,8,14,8,75,15,71,27,8,6,17-20,9,25-20,8,22,59-52,23,59-60,10,9,13,39,37-27,84-93
E2023_013,PAN-MUN,2,REGULAR SEASON,E2023,PAN,MUN,4,10,7,21,9,20,26,14,6,20,12,2,4,6,4,2,6,1,11,1,9,2,59,19,54,17,8,1,2-0,3,10-0,9,38,74-62,40,74-71,16,0,15,0,30-14,
E2023_014,ASV-PAR,2,REGULAR SEASON,E2023,ASV,PAR,6,18,8,21,13,10,21,8,14,28,6,8,6,4,3,1,6,5,5,4,16,2,47,15,53,35,6,28,40-70,29,46-70,13,24,38-55,27,38-68,1,30,5,27,10-9,38-68
E2023_015,MCO-VIR,2,REGULAR SEASON,E2023,MCO,VIR,0,0,14,16,6,16,18,15,17,31,5,3,6,8,1,3,2,2,6,3,10,8,32,27,41,42,7,18,26-45,20,33-45,9,9,15-18,11,15-27,0,28,0,39,,55-83
E2023_016,OLY-BAR,2,REGULAR SEASON,E2023,OLY,BAR,4,9,29,18,10,6,16,7,10,25,10,2,10,8,10,1,7,0,10,7,14,6,51,17,45,32,10,26,44-50,28,54-50,14,36,66-59,40,66-73,7,15,36,14,66-59,20-35
E2023_017,PAM-ULK,2,REGULAR SEASON,E2023,PAM,ULK,6,2,8,12,18,10,28,12,14,20,6,6,4,5,2,2,5,1,9,8,10,3,35,42,46,28,11,6,11-9,10,22-9,7,17,36-21,19,36-28,15,1,17,38,36-21,70-71
E2023_018,ZAL-RED,2,REGULAR SEASON,E2023,ZAL,RED,7,4,18,4,12,16,24,20,10,21,4,4,5,5,3,2,2,1,13,4,3,10,51,28,23,51,13,33,54-63,36,67-63,12,9,19-13,13,19-25,10,9,6,31,17-7,50-59
E2023_019,IST-ASV,3,REGULAR SEASON,E2023,IST,ASV,18,6,6,23,8,6,27,7,7,17,10,6,8,5,4,3,3,3,15,5,7,8,62,27,31,53,10,23,48-40,25,58-40,8,6,14-7,7,14-15,21,2,26,12,63-42,24-26
E2023_020,MIL-OLY,3,REGULAR SEASON,E2023,MIL,OLY,6,2,14,15,4,8,22,11,7,20,9,5,6,9,5,2,4,2,13,1,8,4,55,10,37,16,9,32,44-45,35,53-45,7,18,29-25,20,29-32,14,3,40,20,65-51,29-32
E2023_021,ULK-PAN,3,REGULAR SEASON,E2023,ULK,PAN,10,3,16,14,9,10,23,10,11,18,6,7,10,3,5,1,4,1,16,4,6,5,49,34,34,35,10,4,4-6,6,14-6,11,33,72-47,36,72-58,25,2,33,2,72-47,2-4
E2023_022,PAR-BAR,3,REGULAR SEASON,E2023,PAR,BAR,2,11,10,11,11,21,24,16,9,26,4,2,3,4,2,1,4,0,9,2,22,2,58,25,56,36,6,1,0-2,3,6-2,10,3,8-4,6,8-14,4,11,3,31,8-4,60-71
E2023_023,MAD-ZAL,3,REGULAR SEASON,E2023,MAD,ZAL,2,0,13,9,7,7,28,11,7,21,7,6,4,6,3,3,3,2,11,15,6,8,50,43,39,40,11,14,33-30,16,44-30,6,20,53-43,22,53-49,18,1,34,1,83-65,0-1
E2023_024,BAS-MUN,3,REGULAR SEASON,E2023,BAS,MUN,9,5,19,21,7,13,21,14,12,29,6,8,6,7,6,1,3,4,10,5,8,9,33,35,38,38,8,22,45-44,24,53-44,10,33,64-59,37,64-69,10,8,28,40,62-52,68-76
E2023_025,RED-MCO,3,REGULAR SEASON,E2023,RED,MCO,10,6,25,12,17,22,14,12,16,23,5,5,9,5,3,6,2,3,9,10,19,4,34,42,49,33,10,7,13-14,10,23-14,8,15,29-23,16,29-31,9,8,10,40,23-14,74-82
E2023_026,PAM-TEL,3,REGULAR SEASON,E2023,PAM,TEL,19,6,23,15,7,7,24,8,11,19,8,8,9,6,4,4,0,2,10,10,13,5,39,36,49,17,14,25,36-40,29,50-40,8,3,6-4,5,6-12,12,6,35,5,60-48,6-12
E2023_027,VIR-BER,3,REGULAR SEASON,E2023,VIR,BER,2,2,18,9,11,2,21,7,8,25,4,6,10,7,5,4,3,3,14,7,10,2,57,30,42,34,7,8,20-11,10,27-11,5,13,32-16,15,32-21,18,0,19,0,42-24,
E2023_028,ULK-ASV,4,REGULAR SEASON,E2023,ULK,ASV,24,18,17,14,21,12,22,11,15,20,7,1,6,6,7,1,3,1,18,4,14,6,57,44,58,28,9,21,42-57,23,51-57,9,13,25-34,15,25-43,17,18,40,15,101-84,25-43
E2023_029,OLY-PAR,4,REGULAR SEASON,E2023,OLY,PAR,11,4,25,17,9,15,20,10,18,21,11,2,8,10,6,4,4,4,11,6,9,8,52,46,59,35,8,4,5-8,6,13-8,13,19,49-39,23,49-52,12,14,15,29,43-31,53-67
E2023_030,MAD-MIL,4,REGULAR SEASON,E2023,MAD,MIL,7,0,29,18,9,11,21,14,7,17,8,7,9,9,1,4,4,2,13,8,6,4,37,51,47,24,10,30,67-61,33,77-61,7,3,5-4,4,5-11,17,9,35,17,80-63,30-39
E2023_031,BAS-ZAL,4,REGULAR SEASON,E2023,BAS,ZAL,8,7,14,6,14,4,21,6,12,33,1,4,4,6,2,4,0,1,12,5,13,8,72,10,52,47,12,14,25-38,18,37-38,12,9,14-18,12,14-30,0,18,0,26,,44-62
E2023_032,IST-PAM,4,REGULAR SEASON,E2023,IST,PAM,10,15,11,9,12,6,25,7,9,27,5,4,5,4,5,0,4,0,14,9,7,11,51,26,32,41,8,9,13-15,11,21-15,7,1,0-0,3,0-7,7,9,40,24,73-66,41-50
E2023_033,MCO-BER,4,REGULAR SEASON,E2023,MCO,BER,0,0,18,25,8,8,26,12,7,19,4,10,9,5,6,1,1,5,15,9,6,10,42,44,32,43,12,2,0-3,7,12-3,6,17,42-32,19,42-38,16,3,27,2,62-46,0-3
E2023_034,BAR-MUN,4,REGULAR SEASON,E2023,BAR,MUN,2,4,17,5,13,11,31,12,11,25,1,4,9,3,2,5,1,4,10,12,1,11,36,62,23,36,15,24,52-35,28,67-35,5,4,13-2,5,13-7,41,0,39,0,96-55,
E2023_035,PAN-TEL,4,REGULAR SEASON,E2023,PAN,TEL,8,19,18,25,14,10,26,12,13,30,6,12,12,8,4,9,8,5,11,7,16,8,31,50,63,23,7,25,35-47,28,42-47,8,3,9-7,6,9-15,3,15,1,20,3-0,24-39
E2023_036,VIR-RED,4,REGULAR SEASON,E2023,VIR,RED,0,8,22,18,10,11,29,13,6,22,12,7,5,7,3,0,8,3,11,12,8,9,41,44,45,34,12,14,26-22,16,38-22,11,10,26-11,14,26-22,16,0,16,0,38-22,
E2023_037,BER-MIL,5,REGULAR SEASON,E2023,BER,MIL,0,0,15,10,16,13,23,11,11,20,6,5,7,5,3,4,3,1,16,2,9,8,52,33,60,22,7,14,17-23,15,24-23,10,8,12-10,11,12-20,7,12,5,25,10-3,40-52
E2023_038,OLY-IST,5,REGULAR SEASON,E2023,OLY,IST,15,7,12,7,13,5,30,12,9,23,6,4,4,6,2,5,2,3,14,7,8,6,47,28,36,21,7,26,48-38,28,55-38,7,38,75-50,40,75-57,25,0,38,0,75-50,
E2023_039,PAR-RED,5,REGULAR SEASON,E2023,PAR,RED,6,7,17,17,17,7,23,8,9,20,10,4,11,4,5,3,5,4,12,5,8,14,51,37,51,35,10,1,0-0,4,10-0,10,12,26-15,15,26-25,15,13,7,32,17-2,55-68
E2023_040,MAD-BAR,5,REGULAR SEASON,E2023,MAD,BAR,2,2,19,13,14,10,29,14,19,29,10,5,7,7,2,3,8,0,11,6,8,4,38,27,43,21,16,15,16-30,21,32-30,7,13,16-23,15,16-30,14,14,32,15,55-41,16-30
E2023_041,MCO-TEL,5,REGULAR SEASON,E2023,MCO,TEL,0,0,12,14,16,25,21,22,14,13,2,7,5,8,5,3,1,3,9,14,3,15,61,46,32,47,11,20,50-38,22,61-38,5,4,7-2,5,7-7,33,2,35,1,96-63,0-2
E2023_042,ASV-VIR,5,REGULAR SEASON,E2023,ASV,VIR,5,8,13,24,8,4,19,7,8,20,9,6,9,5,6,0,8,0,15,6,15,7,50,34,62,25,10,12,20-25,15,30-25,8,9,18-15,11,18-23,5,5,15,4,30-25,6-11
E2023_043,MUN-ULK,5,REGULAR SEASON,E2023,MUN,ULK,7,6,19,15,13,13,26,17,13,31,6,3,8,3,4,1,4,1,6,6,3,7,41,26,42,34,10,19,32-41,22,42-41,8,12,22-21,13,22-29,6,11,9,31,20-14,47-58
E2023_044,PAN-BAS,5,REGULAR SEASON,E2023,PAN,BAS,8,18,13,12,13,12,27,10,15,22,6,7,7,5,2,3,5,2,8,7,12,4,25,70,43,38,9,8,17-22,11,26-22,5,7,15-15,8,15-20,14,5,39,4,90-76,3-8
E2023_045,ZAL-PAM,5,REGULAR SEASON,E2023,ZAL,PAM,12,19,19,13,6,4,21,4,6,27,9,5,5,8,4,3,3,2,9,6,8,7,50,22,38,49,6,24,32-61,25,38-61,10,11,15-22,14,15-32,0,29,0,24,,32-61
E2023_046,MIL-MCO,6,REGULAR SEASON,E2023,MIL,MCO,5,6,9,15,12,15,23,9,9,24,7,7,8,4,5,2,5,2,14,4,7,4,43,23,46,26,8,1,0-0,3,8-0,7,20,37-34,23,37-41,8,6,3,36,8-0,57-63
E2023_047,RED-MUN,6,REGULAR SEASON,E2023,RED,MUN,9,4,19,12,15,4,25,13,12,27,6,5,8,9,5,6,7,1,2,15,16,4,38,36,55,13,10,27,43-56,30,53-56,8,20,33-35,23,33-43,6,14,40,25,74-68,38-52
E2023_048,TEL-MAD,6,REGULAR SEASON,E2023,TEL,MAD,8,9,10,23,16,10,25,10,16,27,9,6,4,3,2,2,4,4,9,2,18,11,43,27,59,40,11,25,43-60,27,54-60,15,33,65-79,37,65-94,0,30,0,38,,66-96
E2023_049,ZAL-ASV,6,REGULAR SEASON,E2023,ZAL,ASV,9,8,11,16,14,8,17,7,12,19,6,5,3,6,3,1,2,5,14,1,13,11,50,38,38,53,8,3,8-6,5,16-6,8,30,80-70,33,80-78,13,3,29,40,78-65,88-91
E2023_050,ULK-OLY,6,REGULAR SEASON,E2023,ULK,OLY,12,11,14,15,4,3,19,7,6,22,2,7,6,5,5,1,2,0,14,8,19,3,48,31,48,29,10,1,3-1,4,13-1,9,22,48-37,25,48-46,16,0,9,0,29-13,
E2023_051,BAR-PAN,6,REGULAR SEASON,E2023,BAR,PAN,2,0,20,14,22,12,29,7,13,22,2,12,9,3,5,4,3,1,7,3,5,10,33,47,36,36,8,12,23-22,14,31-22,14,32,75-47,37,75-61,28,0,32,0,75-47,
E2023_052,BAS-PAR,6,REGULAR SEASON,E2023,BAS,PAR,9,15,14,12,20,2,22,2,16,24,6,4,6,7,2,5,2,4,13,5,11,6,45,39,55,28,15,12,23-29,16,38-29,11,24,55-50,26,55-61,9,8,16,29,38-29,58-66
E2023_053,PAM-BER,6,REGULAR SEASON,E2023,PAM,BER,12,6,22,11,7,9,24,10,12,23,6,10,10,7,4,6,4,5,6,12,8,5,36,43,39,32,11,36,63-67,39,74-67,8,21,43-39,23,43-47,10,4,40,23,79-69,43-47
E2023_054,VIR-IST,6,REGULAR SEASON,E2023,VIR,IST,2,0,20,8,16,13,15,7,17,18,5,3,9,5,4,6,2,2,15,7,7,4,60,33,49,32,10,2,0-6,4,10-6,9,12,24-24,14,24-33,14,9,40,14,93-79,24-33
E2023_055,IST-ZAL,7,REGULAR SEASON,E2023,IST,ZAL,7,2,13,16,9,11,29,9,9,25,6,5,5,6,3,4,4,3,11,2,13,5,50,36,56,26,11,8,6-14,11,17-14,8,31,53-46,32,53-54,18,8,22,8,44-26,6-14
E2023_056,MIL-PAM,7,REGULAR SEASON,E2023,MIL,PAM,7,6,23,12,12,7,29,11,11,26,9,3,8,11,6,6,4,3,9,8,7,7,40,43,28,24,12,8,16-12,12,28-12,6,13,35-16,15,35-22,31,0,40,0,83-52,
E2023_057,TEL-MUN,7,REGULAR SEASON,E2023,TEL,MUN,8,6,28,19,8,8,15,8,9,21,9,8,12,11,9,3,3,2,12,8,4,10,56,37,47,43,8,16,31-36,18,39-36,8,19,46-38,21,46-46,9,6,29,12,67-58,19-25
E2023_058,PAR-ULK,7,REGULAR SEASON,E2023,PAR,ULK,5,6,14,5,12,11,20,12,10,22,7,1,9,3,3,4,2,1,15,5,12,6,40,45,58,26,7,27,56-67,30,63-67,13,6,15-12,9,15-25,5,15,1,19,5-0,39-54
E2023_059,MAD-VIR,7,REGULAR SEASON,E2023,MAD,VIR,6,2,16,11,8,7,29,5,8,24,4,4,12,7,4,3,3,1,21,7,13,4,66,34,45,29,12,35,78-65,37,90-65,9,29,68-46,32,68-55,26,6,39,4,96-70,9-15
E2023_060,OLY-BAS,7,REGULAR SEASON,E2023,OLY,BAS,10,14,11,16,5,8,21,10,5,24,9,4,8,6,3,2,3,3,17,3,11,7,61,13,36,39,11,3,2-2,5,13-2,12,10,26-16,12,26-28,11,18,5,20,13-2,32-50
E2023_061,BER-PAN,7,REGULAR SEASON,E2023,BER,PAN,2,2,8,15,22,7,19,9,15,26,5,8,8,4,2,5,8,0,10,9,19,8,50,35,69,30,8,26,55-72,27,63-72,10,13,33-31,15,33-41,2,17,12,26,31-29,55-72
E2023_062,MCO-ASV,7,REGULAR SEASON,E2023,MCO,ASV,0,0,16,5,12,14,22,14,13,29,2,5,15,2,1,9,2,2,8,10,11,4,33,47,49,21,11,16,28-34,19,39-34,11,6,12-12,9,12-23,10,11,40,9,80-70,12-23
E2023_063,BAR-RED,7,REGULAR SEASON,E2023,BAR,RED,0,2,19,10,8,15,23,18,4,26,3,6,7,4,4,0,5,0,11,10,13,10,36,50,51,30,9,13,30-23,14,39-23,8,6,15-6,8,15-14,17,0,15,0,42-25,
E2023_064,MCO-IST,8,REGULAR SEASON,E2023,MCO,IST,0,0,5,11,9,4,23,5,14,22,9,1,5,2,4,0,5,2,8,3,16,8,60,22,76,13,7,10,22-28,13,29-28,5,2,2-3,4,2-8,1,9,13,25,29-28,54-63
E2023_065,RED-ULK,8,REGULAR SEASON,E2023,RED,ULK,11,0,13,11,9,7,29,6,12,19,3,7,7,5,6,2,1,1,6,12,8,5,41,46,32,24,8,10,22-16,13,30-16,5,23,49-31,25,49-36,31,0,39,0,84-53,
E2023_066,TEL-OLY,8,REGULAR SEASON,E2023,TEL,OLY,4,6,10,8,15,19,24,18,12,24,3,4,8,4,3,2,2,1,11,6,14,7,27,47,53,26,7,26,46-60,29,53-60,8,7,13-14,9,13-22,0,15,0,20,,36-51
E2023_067,PAM-MAD,8,REGULAR SEASON,E2023,PAM,MAD,4,10,17,9,10,9,18,8,10,23,7,5,9,6,2,1,3,3,9,6,9,6,50,23,53,23,6,7,15-21,9,21-21,9,21,51-43,23,51-52,8,6,14,7,37-29,15-21
E2023_068,VIR-MIL,8,REGULAR SEASON,E2023,VIR,MIL,4,0,16,2,9,5,22,11,7,23,4,3,10,3,3,3,3,1,14,6,17,1,42,44,71,8,8,18,37-40,20,45-40,6,20,45-40,22,45-46,9,6,37,9,77-68,17-23
E2023_069,BER-ASV,8,REGULAR SEASON,E2023,BER,ASV,0,2,16,11,14,16,25,12,14,29,9,8,10,6,6,5,7,1,6,9,12,0,39,29,54,19,12,20,35-43,25,47-43,12,29,55-48,33,55-60,7,15,29,7,55-48,8-23
E2023_070,MUN-PAR,8,REGULAR SEASON,E2023,MUN,PAR,7,4,10,15,12,6,26,3,13,22,6,3,3,5,5,2,3,0,7,9,7,8,53,41,47,38,10,19,49-51,24,59-51,8,27,65-53,29,65-61,12,10,27,10,65-53,22-32
E2023_071,PAN-ZAL,8,REGULAR SEASON,E2023,PAN,ZAL,3,5,22,11,4,8,15,11,10,23,5,11,14,9,6,2,5,0,11,3,11,5,52,21,41,30,6,4,0-4,5,6-4,5,15,25-25,17,25-30,3,7,38,19,67-64,29-36
E2023_072,BAS-BAR,8,REGULAR SEASON,E2023,BAS,BAR,18,4,16,10,7,19,34,12,6,23,7,7,6,7,6,2,4,1,15,4,10,6,65,29,40,31,11,4,10-12,7,21-12,7,20,55-29,23,55-36,30,2,37,4,91-61,10-12
E2023_073,MIL-IST,9,REGULAR SEASON,E2023,MIL,IST,4,8,7,14,6,8,27,5,5,19,6,4,4,4,0,1,5,1,12,9,15,1,61,31,61,15,13,37,79-73,40,92-73,6,20,43-36,21,43-42,19,3,40,29,92-73,58-61
E2023_074,TEL-ULK,9,REGULAR SEASON,E2023,TEL,ULK,6,2,7,15,24,8,23,8,22,25,9,3,12,4,9,1,2,1,7,5,13,1,49,29,59,14,7,9,17-28,11,24-28,10,14,32-33,19,32-43,6,11,38,9,70-64,17-28
E2023_075,OLY-RED,9,REGULAR SEASON,E2023,OLY,RED,2,16,18,11,12,12,27,11,12,20,7,4,7,3,3,0,5,2,21,5,9,5,74,14,47,36,10,16,31-39,18,41-39,9,37,80-66,38,80-75,15,8,35,16,78-63,31-39
E2023_076,MAD-MCO,9,REGULAR SEASON,E2023,MAD,MCO,6,5,4,17,2,12,34,11,5,22,5,7,3,5,2,1,6,2,19,8,11,6,59,32,42,31,10,5,13-10,7,23-10,9,16,48-26,19,48-35,30,3,30,2,80-50,2-5
E2023_077,BAR-PAM,9,REGULAR SEASON,E2023,BAR,PAM,2,0,13,9,13,9,28,15,15,24,5,3,4,8,2,3,1,3,13,4,4,4,40,34,31,39,10,34,58-60,38,68-60,8,10,25-14,12,25-22,11,2,9,1,24-13,0-2
E2023_078,ASV-BAS,9,REGULAR SEASON,E2023,ASV,BAS,9,2,13,14,10,11,28,6,9,29,5,2,5,3,3,0,0,2,15,3,8,15,50,31,63,25,12,6,15-14,8,27-14,11,23,58-48,26,58-59,16,8,13,30,39-23,65-73
E2023_079,PAN-VIR,9,REGULAR SEASON,E2023,PAN,VIR,11,6,14,8,15,10,26,11,11,22,3,5,7,4,7,1,0,3,12,5,9,5,58,32,52,24,13,31,62-67,36,75-67,6,21,47-42,23,47-48,14,5,39,31,86-72,62-67
E2023_080,PAR-BER,9,REGULAR SEASON,E2023,PAR,BER,2,0,23,14,12,11,21,11,8,18,6,7,7,10,1,5,4,1,13,6,15,4,39,50,47,27,7,9,14-20,11,21-20,6,5,12-8,6,12-14,15,6,39,9,84-69,14-20
E2023_081,ZAL-MUN,9,REGULAR SEASON,E2023,ZAL,MUN,7,4,8,11,6,9,26,11,6,28,5,4,5,5,3,2,3,2,5,9,8,9,31,43,29,44,8,3,5-9,5,13-9,10,16,37-29,18,37-39,11,9,11,26,29-18,46-55
E2023_082,ASV-MUN,10,REGULAR SEASON,E2023,ASV,MUN,7,2,25,7,6,8,29,13,8,36,6,1,8,7,7,3,3,2,18,4,12,6,68,32,59,42,11,12,18-25,15,29-25,11,35,69-62,38,69-73,12,7,31,12,63-51,18-25
E2023_083,TEL-BAR,10,REGULAR SEASON,E2023,TEL,BAR,7,4,23,18,11,25,21,16,12,21,13,6,10,7,3,4,4,3,17,5,9,6,62,28,51,41,9,27,59-68,30,68-68,13,20,51-48,24,51-61,7,10,8,24,25-18,51-61
E2023_084,PAN-PAM,10,REGULAR SEASON,E2023,PAN,PAM,10,10,18,10,11,8,23,12,9,22,6,4,10,3,6,1,2,4,16,3,15,6,67,23,23,50,12,9,24-18,13,36-18,9,13,36-18,15,36-27,22,2,23,1,60-38,0-2
E2023_085,MAD-BER,10,REGULAR SEASON,E2023,MAD,BER,6,8,20,18,9,18,26,16,10,16,9,5,9,4,8,1,8,2,18,14,5,8,56,43,51,24,11,6,15-13,9,26-13,5,34,80-63,36,80-68,25,0,39,0,97-72,
E2023_086,VIR-ULK,10,REGULAR SEASON,E2023,VIR,ULK,4,2,9,10,10,8,26,10,8,22,5,6,4,5,1,3,5,1,15,6,12,7,50,37,59,20,11,14,30-35,17,41-35,9,3,9-7,5,9-16,15,7,31,5,73-58,9-16
E2023_087,IST-PAR,10,REGULAR SEASON,E2023,IST,PAR,9,9,26,22,10,21,10,12,6,19,8,3,15,5,11,5,6,0,7,11,15,9,60,40,77,17,10,12,24-27,15,34-27,8,27,60-59,29,60-67,10,10,18,30,44-34,64-74
E2023_088,RED-MIL,10,REGULAR SEASON,E2023,RED,MIL,10,2,14,19,8,3,19,6,8,27,7,4,7,4,4,1,5,2,10,7,8,3,48,23,72,21,8,21,39-41,23,47-41,12,23,47-41,26,47-53,6,24,23,40,47-41,69-93
E2023_089,OLY-ZAL,10,REGULAR SEASON,E2023,OLY,ZAL,5,6,9,7,10,9,22,5,5,22,4,2,5,5,4,3,3,2,15,8,7,6,65,24,43,29,14,16,28-27,20,42-27,6,30,69-49,31,69-55,20,4,30,7,69-49,10-14
E2023_090,BAS-MCO,10,REGULAR SEASON,E2023,BAS,MCO,6,10,5,19,8,19,28,14,8,25,6,6,3,3,1,2,1,4,12,4,7,5,46,29,46,31,8,4,3-7,6,11-7,9,31,62-64,33,62-73,4,11,6,33,11-7,62-73
E2023_091,MCO-OLY,11,REGULAR SEASON,E2023,MCO,OLY,0,0,14,11,12,9,23,6,13,18,5,3,9,4,6,1,2,2,10,5,12,6,44,41,59,18,10,7,15-17,11,25-17,8,29,58-54,32,58-62,9,5,13,33,27-18,60-65
E2023_092,MUN-VIR,11,REGULAR SEASON,E2023,MUN,VIR,10,2,17,11,20,11,26,13,17,20,8,5,6,7,4,4,3,1,8,8,12,7,58,32,56,20,10,17,36-46,21,46-46,7,2,2-0,3,2-7,15,14,37,14,88-73,23-37
E2023_093,ULK-MAD,11,REGULAR SEASON,E2023,ULK,MAD,8,16,17,12,13,12,22,14,15,30,4,7,12,2,4,4,3,1,7,7,12,3,50,50,70,29,10,15,23-35,17,33-35,10,4,11-10,7,11-20,0,14,0,34,,64-78
E2023_094,TEL-BER,11,REGULAR SEASON,E2023,TEL,BER,13,11,27,17,11,19,25,13,11,21,8,8,13,7,9,3,5,1,15,12,8,10,54,48,49,32,10,30,81-66,35,91-66,7,15,43-23,15,43-30,27,2,38,2,98-71,2-4
E2023_095,PAR-PAN,11,REGULAR SEASON,E2023,PAR,PAN,10,2,20,17,14,10,28,11,9,26,7,7,11,1,6,3,8,3,9,6,16,4,51,41,61,26,11,17,28-36,20,39-36,10,30,54-54,33,54-64,8,10,44,33,88-80,54-64
E2023_096,MIL-ZAL,11,REGULAR SEASON,E2023,MIL,ZAL,2,6,11,11,9,16,16,11,12,19,7,4,7,5,4,3,4,2,9,3,11,5,46,24,68,15,7,25,42-54,28,49-54,9,16,27-29,19,27-38,3,13,11,24,21-18,36-49
E2023_097,RED-IST,11,REGULAR SEASON,E2023,RED,IST,8,9,22,14,15,12,30,6,13,20,9,5,12,2,3,5,7,1,13,8,14,2,72,25,67,16,10,24,58-61,26,68-61,7,17,38-37,18,38-44,17,9,40,20,97-80,40-49
E2023_098,BAR-ASV,11,REGULAR SEASON,E2023,BAR,ASV,2,4,16,17,4,15,21,11,3,16,7,8,8,3,3,1,7,4,18,8,16,7,67,34,57,35,7,19,45-47,21,52-47,12,29,78-64,31,78-76,14,2,28,19,76-62,45-47
E2023_099,PAM-BAS,11,REGULAR SEASON,E2023,PAM,BAS,12,15,16,12,9,17,19,10,14,30,4,4,6,10,7,4,3,2,8,8,18,7,46,38,46,52,7,12,24-22,14,31-22,10,33,72-73,35,72-83,12,16,18,40,42-30,82-98
E2023_100,BER-ZAL,12,REGULAR SEASON,E2023,BER,ZAL,0,6,13,16,11,2,20,5,16,29,8,5,13,10,5,6,5,2,6,3,9,3,42,22,39,23,9,7,4-20,9,13-20,11,5,4-9,7,4-20,2,16,40,7,64-62,4-20
E2023_101,IST-PAN,12,REGULAR SEASON,E2023,IST,PAN,6,6,19,7,14,12,21,6,19,26,9,0,11,5,5,1,5,1,13,4,6,8,58,13,51,17,7,1,0-2,2,7-2,7,21,38-31,22,38-38,13,4,14,33,30-17,54-58
E2023_102,MUN-MIL,12,REGULAR SEASON,E2023,MUN,MIL,2,7,6,21,18,0,33,2,11,20,7,9,1,6,1,2,4,5,7,6,8,7,62,29,52,32,11,16,29-37,19,40-37,9,37,68-65,39,68-74,9,8,23,16,48-39,29-37
E2023_103,OLY-MAD,12,REGULAR SEASON,E2023,OLY,MAD,5,8,19,7,17,9,18,8,17,26,4,2,6,7,4,2,2,4,12,3,15,2,50,21,48,29,7,18,29-37,20,36-37,6,2,2-0,3,2-6,2,8,2,18,2-0,29-37
E2023_104,PAR-MCO,12,REGULAR SEASON,E2023,PAR,MCO,10,6,14,15,7,13,27,14,9,22,14,2,6,6,3,0,5,1,12,4,10,7,60,29,55,30,9,2,2-2,4,11-2,8,15,25-23,17,25-31,9,6,4,17,11-2,25-31
E2023_105,ASV-TEL,12,REGULAR SEASON,E2023,ASV,TEL,8,16,16,8,8,14,21,15,11,28,5,3,7,3,4,5,2,2,11,8,13,6,54,37,61,33,15,14,22-33,17,37-33,10,10,19-14,12,19-24,5,11,10,14,19-14,22-33
E2023_106,BAS-ULK,12,REGULAR SEASON,E2023,BAS,ULK,9,6,17,10,12,12,19,9,17,21,5,10,9,4,4,3,4,2,7,7,14,5,41,39,54,25,11,17,25-35,19,36-35,10,5,8-8,10,8-18,6,15,36,13,70-64,16-31
E2023_107,PAM-RED,12,REGULAR SEASON,E2023,PAM,RED,9,6,15,12,8,7,23,5,7,32,4,4,8,8,9,3,1,3,11,8,8,11,42,43,38,43,8,28,62-61,30,70-61,8,23,60-47,26,60-55,16,2,19,2,53-37,0-2
E2023_108,VIR-BAR,12,REGULAR SEASON,E2023,VIR,BAR,0,0,26,11,16,6,24,7,14,26,10,3,10,7,6,3,2,3,15,2,15,5,47,33,41,34,10,29,51-61,31,61-61,10,12,20-26,15,20-36,5,16,35,15,68-63,20-36
E2023_109,BER-IST,13,REGULAR SEASON,E2023,BER,IST,0,4,14,29,15,5,17,11,12,16,12,7,9,5,3,1,8,0,12,2,21,1,52,37,70,27,11,16,25-32,19,36-32,9,2,4-2,5,4-11,8,10,22,40,45-37,87-97
E2023_110,PAN-MAD,13,REGULAR SEASON,E2023,PAN,MAD,9,12,10,13,13,7,16,8,12,28,5,4,9,5,5,2,2,4,11,1,16,5,49,29,50,40,14,13,26-35,17,40-35,12,23,51-48,26,51-60,6,18,19,29,45-39,52-70
E2023_111,PAR-MIL,13,REGULAR SEASON,E2023,PAR,MIL,3,6,19,13,11,10,19,11,6,18,7,3,7,5,1,3,3,1,3,10,11,5,42,40,45,24,15,31,61-64,37,76-64,11,23,45-49,26,45-60,13,15,40,26,82-69,45-60
E2023_112,OLY-MUN,13,REGULAR SEASON,E2023,OLY,MUN,6,8,12,21,12,14,25,13,11,21,6,5,6,6,5,2,1,4,10,5,9,9,51,26,26,43,13,1,0-2,6,13-2,10,24,48-29,27,48-39,21,2,18,1,39-18,0-2
E2023_113,BAR-ULK,13,REGULAR SEASON,E2023,BAR,ULK,2,0,15,9,15,14,22,10,12,17,3,6,6,4,5,2,1,2,15,5,2,11,46,43,42,39,14,26,55-64,32,69-64,11,15,32-31,17,32-42,8,12,6,20,12-4,38-50
E2023_114,ASV-PAM,13,REGULAR SEASON,E2023,ASV,PAM,6,14,11,17,13,6,28,9,12,27,9,9,8,7,7,2,5,2,8,7,11,7,40,15,53,25,8,7,13-16,9,21-16,14,25,41-39,30,41-53,6,23,12,40,28-22,55-78
E2023_115,BAS-RED,13,REGULAR SEASON,E2023,BAS,RED,13,6,9,13,10,17,23,20,12,23,5,5,2,6,2,2,2,1,15,5,10,13,39,48,36,49,8,29,62-62,32,70-62,9,26,62-53,29,62-62,13,0,15,0,43-30,
E2023_116,VIR-TEL,13,REGULAR SEASON,E2023,VIR,TEL,0,6,13,17,12,16,29,14,9,23,6,6,9,1,3,3,4,6,15,7,13,6,57,43,65,25,9,12,28-34,15,37-34,7,28,76-65,29,76-72,11,6,28,12,76-65,28-34
E2023_117,ZAL-MCO,13,REGULAR SEASON,E2023,ZAL,MCO,4,17,8,12,16,18,26,10,18,24,11,1,7,1,4,2,6,3,15,1,6,10,47,32,43,40,11,25,43-51,28,54-51,7,8,16-16,10,16-23,5,10,30,17,59-54,29-39
E2023_118,ASV-PAN,14,REGULAR SEASON,E2023,ASV,PAN,6,2,17,12,21,14,22,13,15,22,9,5,6,8,6,3,3,4,6,11,17,6,52,29,54,35,7,28,53-64,30,60-64,8,10,21-22,12,21-30,2,16,2,16,6-4,25-41
E2023_119,MAD-MUN,14,REGULAR SEASON,E2023,MAD,MUN,8,6,20,17,24,12,26,8,16,21,8,7,11,3,5,4,5,2,7,7,5,4,31,57,52,21,14,31,63-59,35,77-59,8,25,57-45,28,57-53,18,4,35,10,77-59,19-23
E2023_120,BAS-VIR,14,REGULAR SEASON,E2023,BAS,VIR,8,0,8,10,10,13,27,5,10,29,2,7,3,4,2,3,1,3,14,5,12,14,39,42,65,26,6,17,32-37,18,38-37,10,33,70-68,37,70-78,3,14,23,8,49-46,10-24
E2023_121,ZAL-PAR,14,REGULAR SEASON,E2023,ZAL,PAR,5,5,6,23,10,12,19,10,9,20,7,6,6,3,3,1,4,1,8,7,9,5,62,23,70,23,8,21,44-61,23,52-61,8,25,58-64,28,58-72,0,17,0,21,,44-61
E2023_122,TEL-IST,14,REGULAR SEASON,E2023,TEL,IST,17,10,11,21,13,14,26,18,14,22,7,9,9,3,3,2,8,5,13,10,17,3,54,41,56,30,8,9,21-20,10,29-20,7,18,41-39,20,41-46,12,5,34,20,81-69,43-48
E2023_123,ULK-MCO,14,REGULAR SEASON,E2023,ULK,MCO,9,4,5,17,14,6,30,9,17,19,3,6,3,2,4,0,3,2,13,8,7,5,56,30,42,32,6,13,30-28,15,36-28,5,18,42-30,18,42-35,13,2,40,1,86-73,0-2
E2023_124,RED-BER,14,REGULAR SEASON,E2023,RED,BER,9,16,14,10,12,12,22,12,16,23,5,6,9,10,2,8,3,2,14,9,11,10,33,52,39,32,8,20,51-42,23,59-42,6,37,85-65,40,85-71,20,2,36,2,82-62,2-4
E2023_125,BAR-MIL,14,REGULAR SEASON,E2023,BAR,MIL,7,0,14,8,4,10,23,11,8,23,3,6,7,4,4,3,2,2,8,12,8,3,46,40,58,32,8,19,36-51,23,44-51,7,4,10-14,7,10-21,0,15,0,8,,12-27
E2023_126,OLY-PAM,14,REGULAR SEASON,E2023,OLY,PAM,9,7,14,12,8,4,20,11,10,27,9,6,5,12,8,2,4,4,10,5,5,6,40,16,26,37,12,2,0-5,5,12-5,8,14,19-20,16,19-28,7,12,5,26,12-5,31-43
E2023_127,BER-BAR,15,REGULAR SEASON,E2023,BER,BAR,0,0,18,15,10,14,23,13,10,23,9,5,7,8,5,4,7,1,9,9,13,6,47,27,43,27,11,20,36-41,23,47-41,9,4,7-10,7,7-19,13,12,35,7,70-57,7-19
E2023_128,RED-MAD,15,REGULAR SEASON,E2023,RED,MAD,7,7,14,9,14,0,23,6,13,29,6,9,8,9,6,2,5,7,10,5,9,13,31,27,25,47,7,1,0-0,3,7-0,7,7,16-11,9,16-18,8,19,4,37,11-3,51-70
E2023_129,TEL-BAS,15,REGULAR SEASON,E2023,TEL,BAS,8,21,20,13,17,8,34,7,16,28,7,5,8,6,5,4,4,3,19,8,13,8,41,48,47,34,8,37,81-79,40,89-79,15,18,47-38,22,47-53,11,6,15,22,41-30,47-53
E2023_130,PAM-PAR,15,REGULAR SEASON,E2023,PAM,PAR,0,8,9,15,16,4,25,8,17,24,11,5,8,5,3,2,7,5,11,5,8,6,40,27,47,25,8,16,22-28,18,30-28,6,20,34-33,22,34-39,2,11,18,31,30-28,44-55
E2023_131,VIR-OLY,15,REGULAR SEASON,E2023,VIR,OLY,2,0,14,7,13,12,24,10,12,28,6,3,3,8,4,1,4,1,10,6,7,13,42,27,33,34,7,36,60-65,38,67-65,8,10,17-19,13,17-27,2,13,38,17,67-65,22-35
E2023_132,MCO-PAN,15,REGULAR SEASON,E2023,MCO,PAN,0,6,9,24,13,7,27,10,10,19,12,3,5,3,2,3,5,4,11,7,13,5,49,41,62,29,7,13,24-28,13,31-28,7,35,80-70,37,80-77,15,8,26,7,60-45,10-18
E2023_133,MIL-ASV,15,REGULAR SEASON,E2023,MIL,ASV,11,2,27,7,9,9,28,7,5,23,5,7,14,4,9,5,2,1,20,7,10,1,50,34,40,21,11,3,5-8,6,16-8,11,7,20-10,10,20-21,23,5,28,1,65-42,0-5
E2023_134,MUN-IST,15,REGULAR SEASON,E2023,MUN,IST,9,5,22,5,12,19,21,9,10,29,6,0,10,8,9,3,3,2,14,10,12,2,50,36,44,27,11,6,8-12,8,19-12,10,28,71-51,31,71-61,20,4,28,3,71-51,2-6
E2023_135,ULK-ZAL,15,REGULAR SEASON,E2023,ULK,ZAL,11,10,18,14,7,4,23,4,7,25,9,5,14,0,7,2,6,0,13,5,12,8,51,29,58,20,11,30,53-62,31,64-62,6,10,22-26,12,22-32,7,14,36,15,75-68,26-40
E2023_136,TEL-RED,16,REGULAR SEASON,E2023,TEL,RED,15,12,13,20,14,23,22,13,11,21,10,7,4,10,6,0,4,4,12,7,5,19,64,28,43,55,7,26,53-72,28,60-72,9,20,42-48,21,42-57,4,19,3,26,6-2,53-72
E2023_137,MAD-PAR,16,REGULAR SEASON,E2023,MAD,PAR,8,0,24,7,11,13,23,10,8,25,5,7,5,11,4,6,2,4,13,12,4,12,55,36,31,44,12,24,57-44,27,69-44,7,39,91-68,40,91-75,27,3,29,2,76-49,2-5
E2023_138,PAM-VIR,16,REGULAR SEASON,E2023,PAM,VIR,12,6,22,20,11,2,22,6,7,15,14,7,14,5,4,2,11,5,4,6,15,6,48,31,45,26,9,27,49-52,29,58-52,8,12,30-23,14,30-31,8,10,40,20,79-71,37-47
E2023_139,BER-ULK,16,REGULAR SEASON,E2023,BER,ULK,6,7,16,8,9,16,17,11,7,28,6,3,9,7,5,5,3,0,6,9,21,4,39,43,49,42,9,29,57-72,33,66-72,7,20,47-51,22,47-58,9,17,12,28,35-26,52-69
E2023_140,IST-BAS,16,REGULAR SEASON,E2023,IST,BAS,14,14,17,8,16,10,23,10,11,25,4,5,7,3,3,1,1,1,13,3,15,3,61,19,39,48,6,4,6-9,7,12-9,10,33,68-66,36,68-76,5,13,12,39,22-17,74-87
E2023_141,MIL-PAN,16,REGULAR SEASON,E2023,MIL,PAN,6,2,20,14,10,3,24,9,8,28,7,5,5,8,4,4,5,2,9,5,9,8,45,23,45,31,9,15,24-32,16,33-32,10,10,24-22,15,24-32,8,8,9,15,21-13,24-32
E2023_142,MUN-MCO,16,REGULAR SEASON,E2023,MUN,MCO,8,4,10,23,15,9,23,8,12,22,10,8,5,3,1,3,1,4,6,12,7,5,38,42,51,40,10,27,44-62,29,54-62,10,13,20-24,16,20-34,0,20,0,24,,36-56
E2023_143,ASV-OLY,16,REGULAR SEASON,E2023,ASV,OLY,8,9,17,18,16,5,18,7,13,23,9,5,7,7,5,1,4,3,11,7,12,12,46,27,49,36,11,23,41-59,27,52-59,12,27,52-59,29,52-71,3,19,4,29,7-4,52-71
E2023_144,ZAL-BAR,16,REGULAR SEASON,E2023,ZAL,BAR,3,8,5,19,10,10,24,11,5,22,7,6,5,6,3,1,3,0,9,8,16,9,45,35,55,30,11,1,0-5,5,11-5,8,7,16-13,8,16-21,7,6,5,10,14-7,22-28
E2023_145,IST-ULK,17,REGULAR SEASON,E2023,IST,ULK,14,9,16,13,16,14,22,8,8,25,6,3,9,4,2,1,4,2,12,5,16,6,65,19,54,35,7,22,52-51,24,59-51,8,34,78-74,37,78-82,8,7,15,40,44-36,82-89
E2023_146,MIL-BAS,17,REGULAR SEASON,E2023,MIL,BAS,17,9,12,12,10,2,29,5,9,27,8,7,6,10,7,4,4,5,16,5,8,11,62,14,28,39,11,21,46-33,25,57-33,12,26,58-36,30,58-48,24,0,25,0,57-33,
E2023_147,MUN-PAM,17,REGULAR SEASON,E2023,MUN,PAM,8,0,14,2,15,4,24,5,13,26,3,3,4,5,3,3,2,1,13,8,11,8,52,33,52,32,8,25,50-54,28,58-54,7,11,18-16,12,18-23,6,7,37,24,79-73,45-52
E2023_148,ASV-MAD,17,REGULAR SEASON,E2023,ASV,MAD,11,6,14,10,4,5,26,9,6,26,5,5,6,3,3,1,3,3,13,3,8,11,62,14,41,36,8,17,25-26,18,33-26,16,30,57-51,36,57-67,9,11,5,37,13-4,59-70
E2023_149,ZAL-TEL,17,REGULAR SEASON,E2023,ZAL,TEL,14,6,12,25,16,15,21,13,13,26,6,9,8,7,4,3,4,4,8,2,9,12,54,16,55,23,9,3,2-6,5,11-6,13,25,44-48,29,44-61,6,17,6,29,14-8,44-61
E2023_150,PAN-RED,17,REGULAR SEASON,E2023,PAN,RED,4,11,11,6,14,6,25,8,15,22,5,6,6,8,4,4,3,4,10,3,5,7,47,35,33,32,7,4,4-7,7,11-7,6,22,44-33,24,44-39,18,3,39,4,81-63,4-7
E2023_151,BER-OLY,17,REGULAR SEASON,E2023,BER,OLY,2,4,14,20,8,6,16,6,7,28,4,10,6,5,2,2,5,4,13,7,20,10,45,22,54,40,10,8,18-19,13,28-19,12,26,51-58,31,51-70,11,29,14,40,34-23,65-94
E2023_152,MCO-BAR,17,REGULAR SEASON,E2023,MCO,BAR,0,4,21,6,10,10,25,12,10,25,5,2,9,6,6,3,2,0,10,7,6,7,46,45,27,44,17,32,67-55,36,84-55,8,38,91-63,40,91-71,30,0,37,0,89-59,
E2023_153,PAR-VIR,17,REGULAR SEASON,E2023,PAR,VIR,4,8,14,15,7,7,19,7,13,21,8,6,11,3,4,4,4,4,3,10,13,7,29,46,46,31,9,23,36-49,25,45-49,9,7,10-12,9,10-21,2,13,1,17,2-0,28-41
E2023_154,ULK-RED,18,REGULAR SEASON,E2023,ULK,RED,8,11,8,19,11,8,24,10,8,26,10,5,4,6,3,3,2,4,12,8,5,15,52,24,55,30,6,6,11-14,8,17-14,11,29,57-50,31,57-61,11,12,25,39,51-40,67-79
E2023_155,TEL-MCO,18,REGULAR SEASON,E2023,TEL,MCO,13,13,17,21,17,6,27,5,12,21,6,6,5,6,4,2,3,2,11,8,11,4,68,25,55,28,12,5,8-8,9,20-8,11,21,52-35,25,52-46,18,4,19,3,46-28,2-6
E2023_156,OLY-MIL,18,REGULAR SEASON,E2023,OLY,MIL,6,9,12,24,21,0,23,4,14,12,9,8,8,2,2,1,6,5,17,5,13,8,44,35,24,50,10,2,0-2,4,10-2,7,34,70-57,35,70-64,15,2,29,2,63-48,0-2
E2023_157,PAR-ASV,18,REGULAR SEASON,E2023,PAR,ASV,9,13,18,10,12,4,30,8,9,28,2,7,9,2,3,4,2,2,5,11,14,6,44,46,32,45,14,21,50-33,26,64-33,10,27,69-38,31,69-48,31,0,26,0,64-33,
E2023_158,ZAL-BER,18,REGULAR SEASON,E2023,ZAL,BER,7,4,16,12,15,12,21,16,14,22,11,5,12,8,5,5,7,3,9,8,13,4,37,40,56,15,9,9,20-25,12,29-25,8,7,20-17,9,20-25,10,5,16,3,37-27,3-8
E2023_159,BAR-MAD,18,REGULAR SEASON,E2023,BAR,MAD,0,0,13,9,16,10,25,9,14,23,5,3,5,6,5,1,2,3,8,12,13,5,54,29,38,40,16,30,58-62,35,74-62,7,28,58-55,30,58-62,12,8,35,7,74-62,14-22
E2023_160,BAS-PAN,18,REGULAR SEASON,E2023,BAS,PAN,5,4,15,13,8,8,29,11,6,28,6,9,5,8,1,1,4,6,7,9,4,10,28,47,38,35,12,25,31-48,29,43-48,11,14,22-17,16,22-28,5,17,14,25,22-17,31-48
E2023_161,PAM-IST,18,REGULAR SEASON,E2023,PAM,IST,15,7,13,6,14,15,29,13,12,25,2,5,6,3,2,1,1,3,8,15,18,3,43,50,58,30,10,16,29-35,18,39-35,9,13,29-26,16,29-35,9,8,39,4,91-82,0-8
E2023_162,VIR-MUN,18,REGULAR SEASON,E2023,VIR,MUN,0,2,16,14,11,9,22,9,12,26,3,4,9,4,7,0,2,3,13,5,8,9,64,21,53,30,7,13,27-33,16,34-33,7,11,25-24,13,25-31,4,9,38,26,83-79,53-62
E2023_163,RED-PAR,19,REGULAR SEASON,E2023,RED,PAR,14,5,22,11,15,12,17,16,14,17,5,7,10,6,4,7,8,1,7,14,5,6,26,62,43,29,9,11,27-16,14,36-16,9,36,77-59,37,77-68,23,1,21,3,52-29,3-4
E2023_164,ASV-ZAL,19,REGULAR SEASON,E2023,ASV,ZAL,4,12,21,20,9,11,23,10,12,14,14,6,10,5,4,0,5,4,20,4,6,6,85,8,32,47,9,27,63-54,27,72-54,9,36,82-64,37,82-73,18,0,27,0,72-54,
E2023_165,ULK-TEL,19,REGULAR SEASON,E2023,ULK,TEL,16,7,24,5,10,8,29,11,6,15,2,6,8,4,5,3,2,2,18,9,9,7,44,65,46,28,13,10,22-22,13,35-22,7,13,35-22,14,35-29,37,1,40,7,109-72,14-15
E2023_166,OLY-MCO,19,REGULAR SEASON,E2023,OLY,MCO,6,8,7,7,5,14,25,14,5,24,5,2,1,3,1,0,3,1,14,4,15,3,56,19,46,27,7,9,13-21,11,20-21,7,5,8-6,6,8-13,4,8,40,9,74-70,13-21
E2023_167,BER-VIR,19,REGULAR SEASON,E2023,BER,VIR,2,0,9,23,5,14,24,14,7,25,10,7,6,5,2,2,5,3,5,4,12,5,45,23,46,37,12,19,22-48,22,34-48,16,3,5-5,8,5-21,0,26,0,19,,22-48
E2023_168,MIL-MUN,19,REGULAR SEASON,E2023,MIL,MUN,8,0,23,15,2,12,24,12,6,21,5,9,10,4,2,3,6,1,11,5,8,4,31,45,42,20,11,31,50-50,33,61-50,6,11,21-14,13,21-20,18,0,36,0,70-52,
E2023_169,BAR-BAS,19,REGULAR SEASON,E2023,BAR,BAS,0,0,17,23,9,14,25,11,9,14,11,9,7,7,3,3,4,8,14,10,12,7,60,29,56,29,8,37,78-82,40,86-82,8,30,62-65,33,62-73,9,11,14,33,34-25,62-73
E2023_170,MAD-IST,19,REGULAR SEASON,E2023,MAD,IST,10,4,19,12,10,10,38,17,11,39,8,3,5,10,6,3,3,3,26,1,8,9,121,9,73,53,10,25,43-53,27,53-53,11,20,38-33,22,38-44,8,10,10,25,23-15,43-53
E2023_171,PAM-PAN,19,REGULAR SEASON,E2023,PAM,PAN,21,5,11,20,13,19,28,12,11,20,6,10,8,3,4,1,6,1,11,8,12,3,43,38,54,28,10,25,50-59,28,60-59,10,20,47-44,22,47-54,7,9,14,25,33-26,50-59
E2023_172,ULK-PAR,20,REGULAR SEASON,E2023,ULK,PAR,16,6,10,12,10,9,25,8,8,18,6,5,7,6,1,3,5,2,11,8,8,4,29,62,49,27,16,30,66-64,35,82-64,8,5,12-12,6,12-20,19,17,36,11,85-66,19-36
E2023_173,MCO-BAS,20,REGULAR SEASON,E2023,MCO,BAS,4,8,32,6,11,10,20,11,11,26,2,4,7,12,0,7,1,3,11,8,13,7,56,37,32,51,12,15,29-35,18,41-35,8,35,81-69,36,81-77,12,6,30,15,71-59,29-35
E2023_174,PAN-IST,20,REGULAR SEASON,E2023,PAN,IST,6,2,6,11,7,15,25,14,3,19,8,3,2,7,3,2,3,0,14,9,14,4,68,15,47,29,12,2,0-5,4,12-5,9,14,38-16,16,38-25,22,5,14,2,38-16,0-5
E2023_175,ASV-RED,20,REGULAR SEASON,E2023,ASV,RED,6,15,19,16,17,3,24,9,14,17,6,8,8,6,4,1,3,4,17,4,13,5,51,49,59,32,11,8,16-25,11,27-25,5,13,31-30,13,31-35,15,9,39,8,98-83,16-25
E2023_176,PAM-ZAL,20,REGULAR SEASON,E2023,PAM,ZAL,13,8,19,16,13,6,19,12,10,18,8,8,9,7,5,3,5,2,9,6,9,3,47,32,67,17,7,24,50-54,25,57-54,7,4,10-12,6,10-19,5,9,29,6,64-59,10-19
E2023_177,MIL-BER,20,REGULAR SEASON,E2023,MIL,BER,0,2,12,10,14,7,21,11,10,25,4,2,5,6,6,0,0,2,6,9,12,4,57,25,40,36,6,15,23-28,17,29-28,6,26,49-48,28,49-54,6,6,40,14,82-76,19-25
E2023_178,MUN-MAD,20,REGULAR SEASON,E2023,MUN,MAD,6,9,19,26,4,13,21,8,7,24,10,8,4,10,4,5,4,6,9,6,8,11,30,41,48,44,8,4,6-15,7,14-15,15,37,68-75,39,68-90,0,22,0,39,,68-90
E2023_179,BAR-OLY,20,REGULAR SEASON,E2023,BAR,OLY,0,4,14,12,14,15,22,9,11,14,7,6,7,5,4,1,2,4,14,6,7,7,59,27,46,32,8,4,10-7,6,18-7,10,31,77-63,35,77-73,15,2,28,1,69-54,0-2
E2023_180,TEL-VIR,20,REGULAR SEASON,E2023,TEL,VIR,6,9,17,11,11,9,28,7,10,25,7,2,8,6,3,4,5,2,14,3,9,10,65,30,38,40,8,17,33-39,19,41-39,8,8,16-11,10,16-19,19,9,40,14,88-69,26-35
E2023_181,ULK-MUN,21,REGULAR SEASON,E2023,ULK,MUN,7,15,21,11,14,14,24,13,9,23,8,6,9,8,4,3,4,2,13,3,11,9,58,40,40,51,9,31,57-61,33,66-61,12,7,22-12,12,22-24,11,4,5,30,19-8,55-59
E2023_182,PAN-MCO,21,REGULAR SEASON,E2023,PAN,MCO,5,14,18,18,8,8,25,17,4,16,10,5,11,5,9,2,5,7,12,3,8,7,69,19,27,36,11,4,7-5,6,18-5,11,29,64-41,33,64-52,25,0,40,0,88-63,
E2023_183,MIL-RED,21,REGULAR SEASON,E2023,MIL,RED,8,9,4,10,2,7,23,11,8,26,14,1,5,10,6,1,3,10,11,3,5,12,33,29,27,49,9,20,31-47,23,40-47,9,8,15-14,10,15-23,3,18,5,17,11-8,19-37
E2023_184,MAD-PAM,21,REGULAR SEASON,E2023,MAD,PAM,0,4,13,9,12,10,33,11,14,29,10,3,7,4,2,3,3,2,12,6,10,10,60,36,36,50,9,43,87-86,45,96-86,6,30,58-53,31,58-59,10,12,45,12,96-86,18-30
E2023_185,IST-VIR,21,REGULAR SEASON,E2023,IST,VIR,21,5,22,8,14,11,20,7,13,21,4,4,13,5,8,4,4,2,8,7,9,6,52,47,32,43,10,11,26-17,13,36-17,7,2,4-0,4,4-7,27,3,40,4,99-72,6-9
E2023_186,ASV-BER,21,REGULAR SEASON,E2023,ASV,BER,6,14,12,21,9,20,17,16,14,30,6,7,9,4,4,4,0,8,7,4,13,10,32,31,42,46,8,6,8-15,9,16-15,9,36,57-72,38,57-81,3,27,12,39,24-21,59-86
E2023_187,BAR-ZAL,21,REGULAR SEASON,E2023,BAR,ZAL,4,2,19,17,9,7,26,14,11,19,8,6,10,5,5,2,4,2,13,4,9,6,70,21,50,23,11,1,2-0,4,13-0,10,13,28-12,14,28-22,21,2,38,17,87-66,30-32
E2023_188,BAS-OLY,21,REGULAR SEASON,E2023,BAS,OLY,10,9,17,15,3,9,21,11,5,27,4,5,9,8,7,3,2,2,10,13,8,11,33,47,30,39,11,12,14-21,15,25-21,12,7,14-9,12,14-21,17,7,33,12,70-53,14-21
E2023_189,PAR-TEL,21,REGULAR SEASON,E2023,PAR,TEL,8,9,21,13,16,15,30,12,14,21,4,8,7,3,0,1,3,1,5,12,8,9,31,57,45,34,11,23,40-56,26,51-56,16,1,0-0,5,0-16,9,24,35,12,80-71,13-37
E2023_190,BER-MUN,22,REGULAR SEASON,E2023,BER,MUN,4,0,15,13,17,18,29,15,13,29,5,9,7,3,2,2,3,5,10,3,7,13,45,20,36,46,9,4,4-4,5,13-4,15,10,19-17,14,19-32,9,18,5,31,13-4,51-69
E2023_191,RED-BAS,22,REGULAR SEASON,E2023,RED,BAS,17,13,27,6,9,22,17,15,6,21,6,5,8,8,7,2,1,6,11,3,15,6,60,30,57,34,11,3,5-8,4,16-8,9,20,52-40,23,52-49,12,12,20,32,52-40,65-77
E2023_192,VIR-ASV,22,REGULAR SEASON,E2023,VIR,ASV,0,4,10,16,14,7,29,9,9,30,10,5,9,6,2,6,7,5,7,9,14,4,62,11,42,21,14,33,48-56,37,62-56,11,15,24-19,20,24-30,10,11,9,27,17-7,39-50
E2023_193,IST-BAR,22,REGULAR SEASON,E2023,IST,BAR,7,11,12,7,10,10,33,10,7,21,7,2,4,4,1,3,5,1,19,8,13,6,51,47,40,34,11,35,83-69,37,94-69,7,12,24-15,12,24-22,25,2,37,16,94-69,29-31
E2023_194,OLY-TEL,22,REGULAR SEASON,E2023,OLY,TEL,14,3,11,18,27,9,25,9,15,24,6,3,8,5,5,4,3,2,14,8,4,9,70,19,46,26,12,21,42-38,24,54-38,6,8,23-10,10,23-16,21,2,32,2,78-57,0-2
E2023_195,MCO-MAD,22,REGULAR SEASON,E2023,MCO,MAD,7,4,20,11,11,20,27,12,8,24,5,8,11,8,8,4,2,6,16,9,6,4,51,47,40,34,11,21,56-42,25,67-42,8,32,85-56,34,85-64,29,0,30,0,80-51,
E2023_196,PAN-PAR,22,REGULAR SEASON,E2023,PAN,PAR,15,8,20,17,9,9,24,12,6,15,13,5,7,10,8,0,8,3,12,4,12,4,65,19,30,41,8,6,7-12,8,15-12,9,19,42-33,21,42-42,13,5,40,6,84-71,7-12
E2023_197,PAM-MIL,22,REGULAR SEASON,E2023,PAM,MIL,18,9,14,12,4,8,27,6,9,25,5,3,5,4,3,5,6,0,10,7,11,4,58,26,49,23,13,27,46-56,29,59-56,6,14,28-29,18,28-35,12,11,40,21,84-72,32-43
E2023_198,ZAL-ULK,22,REGULAR SEASON,E2023,ZAL,ULK,13,2,17,9,9,16,27,17,7,16,8,2,6,5,6,1,3,1,18,7,9,4,61,37,40,35,12,1,0-0,5,12-0,9,15,34-18,17,34-27,23,0,40,0,98-75,
E2023_199,BER-RED,23,REGULAR SEASON,E2023,BER,RED,2,0,12,12,17,9,29,14,13,21,4,5,6,3,2,1,4,3,8,11,5,4,46,43,44,36,9,15,29-26,17,38-26,6,13,25-18,13,25-24,22,2,29,1,70-48,0-2
E2023_200,MUN-ASV,23,REGULAR SEASON,E2023,MUN,ASV,9,8,20,16,5,11,19,11,7,29,8,6,8,7,3,4,4,3,5,4,7,6,40,24,62,14,8,29,42-57,30,50-57,9,19,29-38,22,29-47,5,18,8,22,17-12,29-47
E2023_201,ULK-VIR,23,REGULAR SEASON,E2023,ULK,VIR,9,8,20,13,10,10,28,10,6,22,8,3,5,5,2,2,5,0,12,5,7,6,60,28,51,24,8,23,56-49,26,64-49,8,10,21-22,11,21-30,18,9,30,11,71-53,21-30
E2023_202,TEL-PAN,23,REGULAR SEASON,E2023,TEL,PAN,11,4,18,13,6,20,21,20,11,20,5,6,11,4,6,1,3,1,18,1,12,3,73,17,48,27,10,18,36-36,21,46-36,10,24,55-42,29,55-52,15,6,40,11,90-75,18-24
E2023_203,MAD-OLY,23,REGULAR SEASON,E2023,MAD,OLY,8,6,10,13,11,15,29,14,10,22,7,3,4,3,0,4,4,3,15,9,9,12,61,29,33,52,10,3,4-7,6,14-7,8,30,68-53,33,68-61,24,3,19,3,50-26,4-7
E2023_204,IST-MCO,23,REGULAR SEASON,E2023,IST,MCO,10,21,6,13,6,17,24,11,8,25,7,5,5,5,4,3,3,2,9,3,6,9,48,30,39,41,14,17,33-39,21,47-39,7,27,58-53,29,58-60,8,7,21,14,47-39,27-34
E2023_205,MIL-BAR,23,REGULAR SEASON,E2023,MIL,BAR,12,5,13,14,8,7,33,14,14,27,6,8,7,4,4,0,3,2,13,1,10,9,55,19,56,14,11,7,12-12,10,23-12,8,21,49-30,23,49-38,20,4,20,2,45-25,0-4
E2023_206,PAR-ZAL,23,REGULAR SEASON,E2023,PAR,ZAL,6,12,15,15,8,13,21,9,5,18,11,3,9,6,5,4,7,2,8,1,8,5,53,28,55,17,8,32,65-61,36,73-61,6,26,55-47,28,55-53,12,11,36,4,73-61,4-15
E2023_207,BAS-PAM,23,REGULAR SEASON,E2023,BAS,PAM,6,8,14,12,7,9,25,8,10,29,9,4,7,6,2,3,6,1,11,3,10,7,28,34,47,30,6,24,32-49,26,38-49,8,17,25-31,19,25-39,0,17,0,24,,32-49
E2023_208,RED-PAM,24,REGULAR SEASON,E2023,RED,PAM,10,4,14,14,6,7,26,12,10,20,7,3,5,4,1,1,4,1,7,14,4,7,19,63,31,33,12,9,11-12,13,23-12,7,6,9-3,8,9-10,21,1,40,9,82-61,11-12
E2023_209,MUN-BAS,24,REGULAR SEASON,E2023,MUN,BAS,4,13,14,20,14,9,26,10,9,17,9,3,5,3,3,1,4,2,13,10,6,16,66,46,44,65,8,21,56-54,24,64-54,11,37,94-85,41,94-96,13,3,14,42,38-25,96-99
E2023_210,ASV-ULK,24,REGULAR SEASON,E2023,ASV,ULK,3,6,9,14,22,8,18,12,20,19,6,4,6,5,4,0,3,1,10,3,15,5,38,35,49,34,7,11,20-18,14,27-18,12,19,42-32,22,42-44,12,13,17,34,39-27,59-72
E2023_211,OLY-BER,24,REGULAR SEASON,E2023,OLY,BER,19,14,20,15,24,5,23,8,13,19,5,10,7,10,5,8,3,3,6,15,9,8,68,33,40,47,12,29,70-61,31,82-61,11,35,93-69,37,93-80,25,5,33,21,88-63,45-50
E2023_212,MAD-TEL,24,REGULAR SEASON,E2023,MAD,TEL,6,8,14,21,2,24,25,16,5,17,7,6,7,4,5,4,5,1,13,13,15,5,53,53,67,34,9,32,82-78,33,91-78,11,33,91-78,36,91-89,13,0,33,0,91-78,
E2023_213,MCO-PAR,24,REGULAR SEASON,E2023,MCO,PAR,0,0,18,4,21,5,20,7,17,23,1,5,12,4,4,3,0,1,11,4,8,5,46,39,47,23,11,30,63-61,35,74-61,10,8,14-9,11,14-19,17,5,40,11,85-68,14-19
E2023_214,BAR-VIR,24,REGULAR SEASON,E2023,BAR,VIR,13,4,10,13,20,8,31,11,16,20,7,3,9,3,5,1,2,2,13,5,6,5,47,37,32,25,9,36,70-55,39,79-55,6,2,3-2,3,3-8,27,6,40,5,84-57,5-11
E2023_215,PAN-MIL,24,REGULAR SEASON,E2023,PAN,MIL,14,7,19,13,16,12,28,11,12,24,6,5,8,5,6,3,3,3,15,5,5,4,50,29,39,23,7,23,46-35,25,53-35,5,22,46-30,23,46-35,24,0,38,0,74-50,
E2023_216,ZAL-IST,24,REGULAR SEASON,E2023,ZAL,IST,8,8,18,20,18,10,24,10,16,16,3,5,8,5,6,4,2,2,8,19,8,5,56,40,54,16,13,10,31-14,14,44-14,12,14,46-16,16,46-28,30,0,14,0,46-16,
E2023_217,BER-PAM,25,REGULAR SEASON,E2023,BER,PAM,4,0,23,14,12,16,21,13,7,28,4,12,5,14,3,4,2,7,8,8,11,6,26,40,46,35,8,16,22-33,18,30-33,10,2,3-4,6,3-14,0,26,0,34,,47-73
E2023_218,MUN-OLY,25,REGULAR SEASON,E2023,MUN,OLY,8,4,4,13,13,16,26,6,8,25,5,5,1,4,3,0,3,1,6,6,10,7,33,39,36,40,8,33,51-60,34,59-60,8,30,51-52,33,51-60,7,9,24,33,44-37,51-60
E2023_219,MAD-ASV,25,REGULAR SEASON,E2023,MAD,ASV,4,4,15,5,13,10,19,12,11,21,0,6,6,7,2,5,1,1,6,14,13,3,42,44,52,27,15,18,37-35,24,52-35,8,24,55-37,26,55-45,18,3,24,1,55-37,2-5
E2023_220,BAS-TEL,25,REGULAR SEASON,E2023,BAS,TEL,4,22,13,16,9,15,30,16,9,23,4,7,5,2,2,0,6,2,18,4,10,3,62,30,53,29,8,20,54-47,22,62-47,11,28,73-54,31,73-65,19,6,28,10,73-54,20-26
E2023_221,IST-MIL,25,REGULAR SEASON,E2023,IST,MIL,9,4,12,2,9,9,27,6,11,25,7,4,10,2,3,3,4,2,9,5,14,7,53,26,44,29,10,26,50-48,28,60-48,10,13,23-25,15,23-35,14,13,30,16,64-50,25-38
E2023_222,MCO-ULK,25,REGULAR SEASON,E2023,MCO,ULK,6,0,21,7,13,14,19,14,9,26,5,4,11,9,6,5,3,0,9,7,9,5,53,23,48,21,8,32,62-66,36,70-66,9,13,27-29,17,27-38,9,11,39,17,76-67,27-38
E2023_223,RED-BAR,25,REGULAR SEASON,E2023,RED,BAR,8,14,11,18,15,4,20,9,16,24,4,8,6,5,2,1,6,3,8,8,12,8,31,45,49,36,7,32,53-70,34,60-70,6,10,17-18,12,17-24,0,18,0,26,,40-58
E2023_224,VIR-PAR,25,REGULAR SEASON,E2023,VIR,PAR,4,2,12,11,11,5,22,4,7,21,11,3,4,8,3,4,3,3,13,6,4,4,54,34,28,56,7,23,44-41,25,51-41,10,29,62-52,32,62-62,12,6,26,37,56-44,71-77
E2023_225,ZAL-PAN,25,REGULAR SEASON,E2023,ZAL,PAN,8,1,19,4,6,5,23,5,10,22,3,6,11,4,7,4,3,2,10,4,11,1,61,19,65,3,7,3,7-10,5,14-10,7,22,49-41,24,49-48,13,6,40,14,80-67,27-33
E2023_226,MIL-MAD,26,REGULAR SEASON,E2023,MIL,MAD,8,10,17,14,12,1,25,5,15,26,5,6,6,8,3,3,3,1,7,8,10,11,37,44,49,27,21,7,15-19,14,36-19,8,32,69-54,34,69-62,21,7,20,4,48-27,5-12
E2023_227,IST-TEL,26,REGULAR SEASON,E2023,IST,TEL,10,5,4,4,17,14,26,11,12,19,3,0,5,1,2,2,1,1,10,10,9,10,53,52,61,30,8,22,55-59,24,63-59,7,2,5-3,4,5-10,14,5,40,4,105-91,8-13
E2023_228,PAM-OLY,26,REGULAR SEASON,E2023,PAM,OLY,14,12,13,20,7,7,26,10,4,26,5,10,10,2,4,5,4,5,8,9,8,10,21,44,40,38,7,17,28-36,18,35-36,12,12,23-22,15,23-34,3,16,1,39,3-0,60-76
E2023_229,PAR-MUN,26,REGULAR SEASON,E2023,PAR,MUN,5,6,6,2,14,17,21,8,12,25,5,1,4,3,2,2,1,0,5,8,13,4,46,32,40,39,7,23,50-47,25,57-47,6,3,8-5,4,8-11,10,7,25,12,57-47,23-30
E2023_230,BAS-ASV,26,REGULAR SEASON,E2023,BAS,ASV,13,2,14,1,10,22,26,13,10,25,3,2,2,5,4,0,1,2,22,7,12,5,48,46,48,32,8,31,71-66,35,79-66,7,27,71-59,31,71-66,16,4,39,1,92-76,0-4
E2023_231,RED-ZAL,26,REGULAR SEASON,E2023,RED,ZAL,16,13,10,14,9,6,25,7,8,18,8,4,6,2,3,1,4,3,18,4,16,3,70,21,65,28,7,30,65-68,32,72-68,8,23,53-51,25,53-59,4,6,32,7,72-68,11-17
E2023_232,BAR-BER,26,REGULAR SEASON,E2023,BAR,BER,4,0,26,21,19,8,28,11,10,20,6,13,9,10,10,3,8,5,16,7,8,5,48,45,35,42,11,17,40-36,20,51-36,12,36,89-63,39,89-75,31,4,29,2,78-47,4-8
E2023_233,PAN-ULK,26,REGULAR SEASON,E2023,PAN,ULK,6,7,25,6,18,4,25,7,13,22,9,2,8,5,3,3,5,1,5,4,7,9,56,18,35,28,11,17,27-30,20,38-30,11,5,7-8,8,7-19,15,12,28,8,53-38,7-19
E2023_234,VIR-MCO,26,REGULAR SEASON,E2023,VIR,MCO,2,0,19,11,5,7,26,8,4,30,7,4,12,0,6,1,3,1,12,7,5,1,45,33,58,23,11,19,30-45,23,41-45,7,10,16-19,12,16-26,2,16,38,18,76-74,27-43
E2023_235,BER-TEL,27,REGULAR SEASON,E2023,BER,TEL,2,8,5,22,10,13,18,7,11,30,6,9,1,8,1,5,5,6,8,10,16,13,42,29,59,47,8,18,27-53,20,35-53,11,3,7-4,6,7-15,3,39,1,37,3-0,63-102
E2023_236,PAR-IST,27,REGULAR SEASON,E2023,PAR,IST,8,6,13,14,9,11,19,9,8,17,8,2,7,4,3,2,3,2,10,5,11,6,44,56,41,49,6,16,31-32,17,37-32,7,25,55-44,27,55-51,11,5,25,10,55-44,15-20
E2023_237,MAD-PAN,27,REGULAR SEASON,E2023,MAD,PAN,10,14,15,22,9,6,24,6,10,20,12,7,6,4,6,1,7,2,11,3,14,8,56,30,66,31,9,22,43-50,25,52-50,8,35,74-75,37,74-83,9,12,9,40,22-13,83-95
E2023_238,VIR-PAM,27,REGULAR SEASON,E2023,VIR,PAM,2,0,8,5,15,7,22,9,11,23,4,4,9,6,4,6,2,1,10,13,13,1,41,46,40,34,8,18,36-32,20,44-32,9,6,12-11,7,12-20,17,8,39,7,86-69,12-20
E2023_239,ZAL-OLY,27,REGULAR SEASON,E2023,ZAL,OLY,10,11,10,17,18,12,17,6,14,20,5,7,5,3,1,5,3,4,7,5,19,4,34,42,54,41,6,14,25-30,16,31-30,8,2,4-2,4,4-10,2,22,1,40,2-0,73-95
E2023_240,BAR-MCO,27,REGULAR SEASON,E2023,BAR,MCO,4,2,17,11,14,16,24,13,14,32,8,2,4,7,4,2,4,2,10,5,9,8,49,18,55,22,6,1,1-0,3,7-0,6,10,21-12,12,21-18,9,13,10,36,21-12,57-70
E2023_241,MUN-RED,27,REGULAR SEASON,E2023,MUN,RED,2,11,5,2,6,21,30,12,6,25,4,4,6,3,4,3,3,2,11,7,6,2,50,24,44,22,13,6,10-19,11,23-19,8,30,53-43,32,53-51,11,9,24,6,40-29,10-19
E2023_242,ULK-BAS,27,REGULAR SEASON,E2023,ULK,BAS,13,13,35,4,9,3,17,5,5,24,3,3,9,7,4,5,3,1,19,13,15,5,49,62,64,32,10,30,78-78,32,88-78,8,15,47-40,17,47-48,15,6,39,23,109-94,57-63
E2023_243,ASV-MIL,27,REGULAR SEASON,E2023,ASV,MIL,7,10,10,17,4,13,26,12,4,24,5,4,5,5,3,5,2,2,7,11,9,3,36,45,43,34,14,31,62-59,36,76-59,11,38,80-66,40,80-77,17,2,36,1,76-59,0-2
E2023_244,IST-MUN,28,REGULAR SEASON,E2023,IST,MUN,24,9,27,10,7,6,20,7,7,20,3,6,12,5,5,3,5,2,10,10,12,5,68,41,70,16,10,20,49-49,22,59-49,8,2,6-4,5,6-12,28,9,36,7,101-73,12-21
E2023_245,MCO-RED,28,REGULAR SEASON,E2023,MCO,RED,4,0,20,5,20,9,22,8,14,22,3,2,6,5,2,3,1,1,13,8,15,5,58,40,61,19,12,7,13-17,10,25-17,6,10,25-17,12,25-23,22,4,39,4,98-76,7-11
E2023_246,TEL-ZAL,28,REGULAR SEASON,E2023,TEL,ZAL,9,12,19,12,15,0,25,4,14,23,8,4,5,11,5,5,5,3,14,7,13,3,48,35,49,27,8,34,64-67,35,72-67,7,2,11-4,4,11-11,7,8,2,26,11-4,49-57
E2023_247,OLY-VIR,28,REGULAR SEASON,E2023,OLY,VIR,9,11,15,14,9,7,30,7,8,25,9,6,5,6,3,4,6,5,8,7,7,9,47,27,29,40,16,20,34-46,26,50-46,8,18,34-38,20,34-46,11,12,37,20,68-57,34-46
E2023_248,MAD-ULK,28,REGULAR SEASON,E2023,MAD,ULK,2,4,14,16,7,16,21,17,9,28,8,4,8,5,5,1,1,4,10,4,8,8,56,23,43,46,5,22,35-46,23,40-46,9,14,25-27,17,25-36,3,17,5,35,11-8,64-81
E2023_249,PAM-BAR,28,REGULAR SEASON,E2023,PAM,BAR,16,4,24,14,10,17,17,11,8,26,5,7,11,8,6,6,5,1,7,10,14,12,43,35,54,34,8,6,6-16,8,14-16,10,32,63-66,35,63-76,6,13,14,35,32-26,63-76
E2023_250,MIL-PAR,28,REGULAR SEASON,E2023,MIL,PAR,14,6,21,29,11,17,16,10,6,12,13,6,6,7,7,2,7,5,18,2,6,8,61,24,28,55,10,4,2-10,6,12-10,8,1,0-0,3,0-8,6,8,26,3,57-51,0-8
E2023_251,PAN-ASV,28,REGULAR SEASON,E2023,PAN,ASV,4,10,11,16,11,6,23,8,16,18,7,6,5,9,3,4,2,5,12,7,5,8,53,32,32,35,7,29,52-48,30,59-48,9,10,20-14,12,20-23,18,3,39,12,83-65,20-23
E2023_252,BAS-BER,28,REGULAR SEASON,E2023,BAS,BER,11,7,16,11,12,2,27,13,8,21,9,2,6,5,4,1,6,3,17,6,14,9,55,33,28,43,10,1,0-2,3,10-2,7,14,32-14,15,32-21,20,2,32,1,69-49,0-2
E2023_253,BER-MCO,29,REGULAR SEASON,E2023,BER,MCO,5,10,13,36,4,14,26,16,7,23,13,8,7,5,5,3,3,8,11,7,11,8,41,41,49,41,7,5,10-9,7,17-9,12,10,27-13,14,27-25,14,11,10,23,27-13,45-56
E2023_254,BAR-PAR,29,REGULAR SEASON,E2023,BAR,PAR,0,0,18,15,4,13,24,9,5,17,6,8,7,4,3,2,4,4,17,9,9,3,53,41,55,21,11,22,56-52,25,67-52,7,29,74-63,31,74-70,19,7,40,6,94-75,9-16
E2023_255,OLY-PAN,29,REGULAR SEASON,E2023,OLY,PAN,10,8,24,2,9,5,23,9,6,31,4,3,14,4,7,4,4,1,11,2,6,3,32,39,45,20,11,19,28-33,24,39-33,9,29,48-38,31,48-47,11,10,27,10,47-36,7-17
E2023_256,BAS-MIL,29,REGULAR SEASON,E2023,BAS,MIL,2,8,8,15,11,2,32,11,8,22,9,5,6,2,1,2,8,2,9,6,13,4,60,28,64,9,13,11,19-20,13,32-20,8,19,48-34,22,48-42,23,0,34,0,79-56,
E2023_257,RED-TEL,29,REGULAR SEASON,E2023,RED,TEL,18,7,16,22,6,16,20,17,11,21,12,2,9,2,3,3,2,4,13,7,12,4,59,21,68,16,7,1,2-3,3,9-3,11,33,63-59,36,63-70,18,7,21,36,49-31,63-70
E2023_258,ULK-PAM,29,REGULAR SEASON,E2023,ULK,PAM,25,22,19,11,9,7,22,4,10,21,4,6,4,9,1,5,4,2,11,14,8,12,60,58,53,35,11,2,3-5,5,14-5,7,33,93-65,35,93-72,30,2,37,1,105-75,0-2
E2023_259,VIR-MAD,29,REGULAR SEASON,E2023,VIR,MAD,6,0,8,4,12,11,18,13,10,26,3,2,4,5,4,0,3,1,10,5,11,8,43,31,48,41,8,33,56-69,35,64-69,9,1,2-0,3,2-9,2,16,1,24,2-0,35-51
E2023_260,MUN-ZAL,29,REGULAR SEASON,E2023,MUN,ZAL,6,2,11,16,4,11,26,11,8,21,10,6,7,8,2,6,3,3,6,7,5,5,44,20,31,27,14,4,0-6,8,14-6,9,37,60-47,40,60-56,18,6,29,4,50-32,0-6
E2023_261,ASV-IST,29,REGULAR SEASON,E2023,ASV,IST,10,4,8,25,13,8,29,7,10,17,5,10,1,6,1,0,5,5,11,11,7,9,44,40,37,43,9,23,48-45,26,57-45,11,33,74-56,35,74-67,18,0,32,0,72-54,
E2023_262,BER-MAD,30,REGULAR SEASON,E2023,BER,MAD,2,6,20,13,5,9,19,15,6,29,6,4,7,6,6,1,4,2,11,6,9,6,58,21,43,43,8,22,43-38,23,51-38,11,11,28-19,14,28-30,13,7,23,40,51-38,79-86
E2023_263,IST-OLY,30,REGULAR SEASON,E2023,IST,OLY,16,15,11,12,10,10,18,8,8,18,8,4,5,8,3,4,5,3,10,9,13,7,43,42,46,26,10,29,62-61,34,72-61,7,8,24-13,9,24-20,15,0,38,0,81-66,
E2023_264,TEL-ASV,30,REGULAR SEASON,E2023,TEL,ASV,11,7,14,5,10,9,21,8,12,23,4,3,6,6,3,5,1,3,16,2,7,14,80,18,52,38,9,4,9-9,7,18-9,13,8,23-13,12,23-26,10,10,8,26,23-13,54-64
E2023_265,PAR-BAS,30,REGULAR SEASON,E2023,PAR,BAS,7,6,11,15,6,10,22,9,9,23,3,6,5,6,2,1,2,2,14,4,8,6,68,19,49,34,8,22,46-44,24,54-44,6,9,23-14,12,23-20,12,0,33,0,78-66,
E2023_266,ZAL-VIR,30,REGULAR SEASON,E2023,ZAL,VIR,0,11,16,4,11,10,22,9,8,21,4,6,8,5,2,3,3,4,12,7,15,3,43,53,42,39,10,23,49-51,25,59-51,7,12,28-24,14,28-31,17,6,40,6,96-79,12-18
E2023_267,MCO-MIL,30,REGULAR SEASON,E2023,MCO,MIL,0,6,7,14,9,12,23,10,8,27,7,3,4,3,4,1,4,2,3,7,11,10,31,49,62,36,9,26,53-71,29,62-71,12,8,20-17,11,20-29,3,19,7,25,15-12,50-69
E2023_268,RED-PAN,30,REGULAR SEASON,E2023,RED,PAN,20,12,15,12,4,8,24,10,7,25,6,5,8,2,4,3,4,1,8,15,15,10,25,51,71,18,6,8,14-23,10,20-23,11,10,20-23,11,20-34,3,16,2,29,5-2,52-68
E2023_269,ULK-BAR,30,REGULAR SEASON,E2023,ULK,BAR,13,9,14,10,8,20,24,16,9,19,9,4,11,5,7,2,5,2,5,7,6,4,41,47,33,41,11,10,21-11,13,32-11,8,29,62-51,31,62-59,25,0,16,0,40-15,
E2023_270,PAM-MUN,30,REGULAR SEASON,E2023,PAM,MUN,2,2,11,14,10,5,25,7,11,26,10,3,9,5,2,1,3,5,9,3,4,8,60,10,42,26,13,4,10-8,8,23-8,7,24,52-41,26,52-48,15,4,8,2,23-8,2-6
E2023_271,IST-BER,31,REGULAR SEASON,E2023,IST,BER,12,13,13,16,10,14,24,16,8,25,2,5,6,6,3,4,2,3,7,9,14,6,33,52,53,31,14,10,20-23,13,34-23,18,21,55-40,26,55-58,15,5,21,32,55-40,67-72
E2023_272,OLY-ASV,31,REGULAR SEASON,E2023,OLY,ASV,11,7,16,15,5,12,28,9,7,23,6,6,6,8,4,3,4,3,13,11,10,6,45,35,38,26,18,34,59-61,40,77-61,9,19,43-31,22,43-40,16,2,40,2,80-64,0-2
E2023_273,PAR-MAD,31,REGULAR SEASON,E2023,PAR,MAD,2,11,5,6,9,17,25,12,10,28,6,1,4,0,2,1,2,0,6,3,17,6,47,29,62,26,7,9,6-10,10,13-10,16,27,54-52,30,54-68,5,17,3,33,5-0,56-73
E2023_274,ZAL-BAS,31,REGULAR SEASON,E2023,ZAL,BAS,18,7,13,10,21,4,23,9,15,22,4,6,8,5,4,6,0,3,8,9,13,2,43,51,51,25,10,7,9-15,8,19-15,6,23,52-40,25,52-46,20,6,38,7,86-66,9-15
E2023_275,MCO-PAM,31,REGULAR SEASON,E2023,MCO,PAM,4,0,18,11,15,8,21,8,11,19,6,9,7,7,5,1,2,8,12,6,9,11,55,24,39,39,6,1,0-0,2,6-0,7,31,59-54,33,59-61,12,2,9,33,22-10,59-61
E2023_276,MIL-ULK,31,REGULAR SEASON,E2023,MIL,ULK,7,10,22,16,13,7,22,7,8,21,8,7,9,6,4,1,1,6,11,4,6,11,57,20,34,42,8,4,9-8,5,17-8,10,18,43-29,22,43-39,17,3,14,1,39-22,0-3
E2023_277,RED-VIR,31,REGULAR SEASON,E2023,RED,VIR,17,11,9,18,4,20,30,16,9,20,10,5,8,3,3,2,2,4,17,13,12,6,59,35,48,31,11,27,61-61,29,72-61,6,9,19-17,10,19-23,16,5,40,2,94-78,0-5
E2023_278,MUN-TEL,31,REGULAR SEASON,E2023,MUN,TEL,2,14,14,23,11,11,23,10,9,26,6,10,9,1,3,1,4,6,6,7,8,8,39,35,43,46,11,29,56-63,32,67-63,18,33,69-65,38,69-83,6,16,3,16,6-0,28-44
E2023_279,PAN-BAR,31,REGULAR SEASON,E2023,PAN,BAR,4,17,24,15,11,8,21,16,9,15,9,5,10,5,6,2,5,0,10,8,12,11,71,18,44,37,7,10,17-23,12,24-23,17,12,24-23,16,24-40,13,16,40,16,89-76,24-40
E2023_280,MUN-BAR,32,REGULAR SEASON,E2023,MUN,BAR,0,11,13,13,4,8,24,8,11,24,9,6,4,5,3,1,8,4,11,10,9,9,45,34,47,40,6,16,21-43,19,27-43,15,10,19-23,15,19-38,3,22,3,16,3-0,21-43
E2023_281,ASV-MCO,32,REGULAR SEASON,E2023,ASV,MCO,9,16,16,22,5,15,24,8,9,28,6,10,7,4,3,3,2,5,9,15,9,7,32,45,29,58,10,20,38-44,23,48-44,13,37,71-71,39,71-84,11,13,28,39,61-50,71-84
E2023_282,BAS-IST,32,REGULAR SEASON,E2023,BAS,IST,7,7,8,22,12,13,21,12,14,19,4,9,4,3,1,4,7,3,11,2,7,11,34,42,72,25,8,19,37-49,20,45-49,13,22,47-52,26,47-65,2,24,2,30,2-0,53-77
E2023_283,TEL-PAM,32,REGULAR SEASON,E2023,TEL,PAM,11,4,21,8,17,24,23,16,12,22,5,4,8,6,7,3,4,2,13,5,10,9,52,43,38,42,9,15,29-30,17,38-30,12,4,10-4,8,10-16,18,6,40,8,95-77,12-18
E2023_284,PAR-OLY,32,REGULAR SEASON,E2023,PAR,OLY,2,14,19,23,12,3,21,5,18,21,8,9,4,8,4,0,3,7,16,0,7,4,66,3,44,30,7,19,33-30,20,40-30,12,30,59-46,34,59-58,14,5,27,40,52-38,69-74
E2023_285,ZAL-MIL,32,REGULAR SEASON,E2023,ZAL,MIL,5,7,18,15,11,4,24,7,12,22,4,4,9,3,3,3,4,1,9,7,8,4,48,39,56,17,9,36,72-68,39,81-68,8,6,12-9,10,12-17,16,5,40,10,86-70,12-17
E2023_286,ULK-BER,32,REGULAR SEASON,E2023,ULK,BER,31,13,35,7,7,9,23,7,5,22,3,7,10,12,4,9,0,4,12,15,4,7,72,31,28,40,15,27,65-49,29,80-49,12,16,49-28,20,49-40,37,0,40,0,103-66,
E2023_287,MAD-RED,32,REGULAR SEASON,E2023,MAD,RED,4,4,17,19,11,11,26,7,9,23,7,6,6,3,0,5,3,2,2,17,12,6,45,56,68,26,13,27,54-70,29,67-70,10,9,20-13,11,20-23,7,16,9,27,20-13,54-70
E2023_288,VIR-PAN,32,REGULAR SEASON,E2023,VIR,PAN,0,2,8,17,13,17,21,14,8,19,4,9,6,2,5,0,4,1,14,7,11,2,53,26,58,23,7,23,42-55,25,49-55,6,5,9-9,6,9-15,3,17,1,13,3-0,19-36
E2023_289,BER-PAR,33,REGULAR SEASON,E2023,BER,PAR,8,6,14,19,9,13,19,7,9,21,7,11,8,5,5,3,5,6,10,7,10,6,40,43,55,39,7,21,36-49,23,43-49,9,17,29-36,19,29-45,0,16,0,19,,29-45
E2023_290,MCO-ZAL,33,REGULAR SEASON,E2023,MCO,ZAL,5,2,18,13,9,10,27,10,13,23,5,7,6,8,4,4,1,2,6,7,6,8,52,17,35,31,8,4,7-4,8,15-4,6,21,41-29,23,41-35,15,0,33,0,59-44,
E2023_291,RED-OLY,33,REGULAR SEASON,E2023,RED,OLY,2,6,13,20,28,13,22,9,16,18,4,10,3,6,3,1,2,7,11,11,19,8,53,33,40,49,8,6,3-12,8,11-12,9,8,11-12,10,11-21,0,10,0,10,,11-21
E2023_292,BAR-TEL,33,REGULAR SEASON,E2023,BAR,TEL,5,5,15,16,13,10,28,14,12,21,6,8,7,5,4,1,1,5,18,5,9,13,48,44,49,40,9,36,80-85,39,89-85,8,32,75-70,34,75-78,10,10,29,14,69-59,25-35
E2023_293,PAM-ASV,33,REGULAR SEASON,E2023,PAM,ASV,10,4,18,10,13,9,17,9,10,34,5,6,4,11,2,7,4,3,5,5,16,8,39,30,61,37,7,11,22-29,12,29-29,25,17,38-44,26,38-69,0,39,0,28,,40-79
E2023_294,MIL-VIR,33,REGULAR SEASON,E2023,MIL,VIR,10,5,18,10,7,6,28,9,4,24,6,4,6,8,8,1,2,3,14,4,8,8,65,25,49,26,13,5,7-9,8,20-9,7,9,22-11,10,22-18,24,4,26,4,64-40,3-7
E2023_295,MUN-PAN,33,REGULAR SEASON,E2023,MUN,PAN,5,9,12,18,7,7,24,6,6,28,7,4,7,5,5,3,3,1,13,6,7,9,50,25,46,36,9,32,56-63,34,65-63,8,15,28-26,17,28-34,7,8,8,38,15-8,70-78
E2023_296,ULK-IST,33,REGULAR SEASON,E2023,ULK,IST,15,7,9,15,16,15,23,11,15,21,3,12,7,4,0,4,4,2,4,8,12,7,20,60,50,32,10,9,8-16,13,18-16,7,21,39-32,23,39-39,7,8,21,8,39-32,5-13
E2023_297,MAD-BAS,33,REGULAR SEASON,E2023,MAD,BAS,17,8,14,20,6,13,27,12,9,29,9,5,7,7,10,1,4,1,15,8,12,10,61,30,27,68,8,5,15-10,7,23-10,13,33,73-67,36,73-80,15,7,8,36,27-12,73-80
E2023_298,IST-RED,34,REGULAR SEASON,E2023,IST,RED,21,8,29,2,17,15,28,12,14,25,4,4,9,13,6,8,1,1,11,12,4,9,35,65,45,10,22,29,70-44,35,92-44,9,35,92-44,39,92-53,48,1,35,4,92-44,4-5
E2023_299,MCO-MUN,34,REGULAR SEASON,E2023,MCO,MUN,8,5,16,19,7,9,18,7,4,15,5,6,9,3,2,4,0,6,15,5,14,7,54,35,55,30,9,8,20-14,10,29-14,11,27,70-47,30,70-58,24,2,21,1,54-30,0-2
E2023_300,TEL-MIL,34,REGULAR SEASON,E2023,TEL,MIL,12,13,15,12,13,12,27,12,13,23,10,7,8,9,4,3,7,5,9,14,9,5,53,39,45,41,6,5,18-14,7,24-14,6,9,25-17,10,25-23,10,3,7,20,24-14,49-52
E2023_301,PAN-BER,34,REGULAR SEASON,E2023,PAN,BER,2,12,21,15,13,15,23,11,9,26,5,5,7,9,5,4,1,1,6,12,8,11,43,41,44,31,13,30,60-63,34,73-63,9,27,57-50,29,57-59,12,7,39,5,78-66,5-12
E2023_302,ZAL-MAD,34,REGULAR SEASON,E2023,ZAL,MAD,13,4,28,7,7,11,21,11,9,33,3,5,7,9,8,3,0,1,13,1,8,7,44,18,36,28,9,30,36-44,31,45-44,11,6,9-8,11,9-19,2,10,1,11,2-0,9-19
E2023_303,VIR-BAS,34,REGULAR SEASON,E2023,VIR,BAS,2,2,13,5,12,19,24,13,9,24,6,4,6,4,3,3,4,3,13,11,10,7,38,53,49,46,13,16,38-38,19,51-38,8,25,66-57,28,66-65,13,7,19,37,51-38,83-90
E2023_304,ASV-BAR,34,REGULAR SEASON,E2023,ASV,BAR,8,7,8,7,7,11,26,16,6,28,4,5,5,10,3,5,1,4,15,8,8,8,44,32,19,53,8,7,13-15,9,21-15,8,34,66-60,37,66-68,9,4,11,4,27-18,6-10
E2023_305,OLY-ULK,34,REGULAR SEASON,E2023,OLY,ULK,11,4,18,13,6,15,25,11,4,27,8,3,9,6,4,4,6,1,10,5,12,2,45,39,48,33,9,44,73-78,45,82-78,11,1,2-0,4,2-11,6,9,15,4,29-23,2-11
E2023_306,PAR-PAM,34,REGULAR SEASON,E2023,PAR,PAM,12,18,31,11,9,10,25,9,9,30,5,5,8,13,2,8,1,3,13,8,6,7,38,41,22,44,11,15,24-29,18,35-29,8,4,8-2,6,8-10,13,6,34,10,67-54,15-21
E2023_307,TEL-BAS,35,PLAY-IN,E2023,TEL,BAS,16,10,11,9,23,8,22,9,16,18,4,4,7,5,5,2,4,3,14,10,12,10,76,37,54,31,10,8,21-15,11,31-15,10,20,55-31,21,55-41,30,0,39,0,113-83,
E2023_308,IST-VIR,35,PLAY-IN,E2023,IST,VIR,6,11,16,13,14,13,25,14,15,29,7,3,6,10,4,5,5,3,6,2,9,12,47,17,28,39,8,4,6-7,6,14-7,11,8,23-12,12,23-23,11,7,8,37,23-12,57-64
E2023_309,BAS-VIR,36,PLAY-IN,E2023,BAS,VIR,7,4,8,6,21,19,22,10,15,25,9,2,12,4,5,4,5,2,16,6,3,8,42,47,40,37,12,21,41-43,24,53-43,5,27,63-47,28,63-52,16,3,27,1,63-47,0-3
E2023_310,MAD-BAS,37,PLAYOFFS,E2023,MAD,BAS,8,4,11,10,11,15,30,12,7,27,3,4,8,4,5,4,3,0,11,10,10,8,50,40,42,32,12,5,13-11,8,25-11,7,15,42-25,17,42-32,24,0,33,0,77-53,
E2023_311,BAR-OLY,37,PLAYOFFS,E2023,BAR,OLY,5,8,15,20,10,9,21,6,12,25,10,7,9,10,4,4,5,6,10,9,13,7,31,44,30,47,8,35,59-69,37,67-69,9,16,34-35,19,34-44,3,13,13,27,30-27,47-60
E2023_312,MCO-ULK,37,PLAYOFFS,E2023,MCO,ULK,3,2,22,8,13,12,19,13,11,28,3,3,5,8,3,2,1,2,11,6,9,8,60,31,57,38,9,4,5-4,5,14-4,8,21,47-37,23,47-45,14,8,14,44,34-20,86-94
E2023_313,PAN-TEL,37,PLAYOFFS,E2023,PAN,TEL,7,8,8,19,10,12,27,15,6,22,7,5,4,2,2,1,4,4,17,7,10,5,62,25,68,23,6,11,27-29,13,33-29,6,34,77-75,35,77-81,12,5,22,7,56-44,14-19
E2023_314,MAD-BAS,38,PLAYOFFS,E2023,MAD,BAS,8,11,16,12,15,13,24,9,12,18,7,3,10,3,7,1,3,3,13,11,17,2,57,44,61,29,11,30,74-63,33,85-63,9,36,93-70,37,93-79,23,6,34,2,89-66,0-6
E2023_315,BAR-OLY,38,PLAYOFFS,E2023,BAR,OLY,2,2,25,5,16,12,15,9,15,23,7,3,11,8,4,3,4,2,9,12,9,10,44,33,37,32,11,7,12-12,9,23-12,6,2,7-2,4,7-8,13,2,10,1,27-14,0-2
E2023_316,MCO-ULK,38,PLAYOFFS,E2023,MCO,ULK,2,5,13,13,11,4,27,5,7,20,6,7,7,5,4,3,2,4,13,3,8,10,50,43,44,44,13,5,14-11,8,27-11,9,20,54-44,21,54-53,16,9,8,30,27-11,65-74
E2023_317,PAN-TEL,38,PLAYOFFS,E2023,PAN,TEL,6,15,17,14,20,2,21,10,12,17,4,6,5,6,3,2,3,1,10,8,9,13,40,55,45,34,14,17,35-38,19,49-38,12,30,71-56,32,71-68,18,9,25,9,62-44,16-25
E2023_318,BAS-MAD,39,PLAYOFFS,E2023,BAS,MAD,20,11,17,15,19,11,22,12,13,24,6,8,6,3,5,0,4,4,14,5,15,13,65,33,67,35,9,23,61-60,25,70-60,13,32,80-75,35,80-88,10,8,13,35,37-27,80-88
E2023_319,OLY-BAR,39,PLAYOFFS,E2023,OLY,BAR,7,2,13,8,13,7,28,14,12,28,4,5,8,4,6,3,3,1,11,7,17,9,26,54,46,36,7,15,25-25,17,32-25,9,20,37-29,22,37-38,8,6,20,30,37-29,51-57
E2023_320,ULK-MCO,39,PLAYOFFS,E2023,ULK,MCO,11,9,11,7,7,7,24,9,8,22,4,4,5,5,3,5,3,2,11,11,14,6,47,42,50,28,7,26,53-51,27,60-51,7,33,75-64,34,75-71,11,3,30,10,69-58,18-21
E2023_321,TEL-PAN,39,PLAYOFFS,E2023,TEL,PAN,2,7,17,8,10,20,20,11,11,21,4,4,7,4,4,2,3,2,15,8,12,6,56,29,57,26,11,21,46-39,24,57-39,9,28,64-47,30,64-56,18,0,24,0,57-39,
E2023_323,OLY-BAR,40,PLAYOFFS,E2023,OLY,BAR,4,7,14,5,15,8,36,12,11,19,7,6,5,7,3,3,2,6,11,7,8,4,36,56,29,29,17,10,19-23,14,36-23,8,24,61-37,28,61-45,36,7,39,6,90-54,12-19
E2023_324,ULK-MCO,40,PLAYOFFS,E2023,ULK,MCO,2,6,2,10,18,8,25,9,17,25,6,7,1,7,2,1,4,2,7,6,7,5,34,28,39,26,12,2,0-4,7,12-4,7,24,42-36,26,42-43,8,4,7,2,12-4,0-4
E2023_325,TEL-PAN,40,PLAYOFFS,E2023,TEL,PAN,12,6,10,2,12,10,19,6,15,25,0,4,5,2,3,2,1,1,9,7,16,4,48,40,85,10,10,30,68-74,33,78-74,10,37,88-85,40,88-95,7,8,34,6,82-75,12-20
E2023_327,BAR-OLY,41,PLAYOFFS,E2023,BAR,OLY,10,4,17,13,7,7,25,12,12,31,8,5,4,12,6,6,3,4,10,7,8,7,29,30,26,37,7,24,31-30,25,38-30,8,36,49-49,38,49-57,9,8,12,38,18-9,49-57
E2023_328,MCO-ULK,41,PLAYOFFS,E2023,MCO,ULK,4,2,21,11,14,11,18,13,11,19,7,4,9,6,3,5,5,3,9,6,11,6,44,35,43,37,8,26,47-48,28,55-48,10,28,55-48,31,55-58,8,4,20,3,40-32,0-4
E2023_329,PAN-TEL,41,PLAYOFFS,E2023,PAN,TEL,6,5,15,18,11,11,22,13,18,19,9,3,6,6,5,2,3,2,10,5,12,5,63,18,47,22,10,28,54-56,33,64-56,7,25,49-46,27,49-53,12,7,40,7,81-69,8-15
E2023_330,MAD-OLY,42,FINAL FOUR,E2023,MAD,OLY,15,9,18,7,12,13,23,14,8,17,7,7,5,10,5,3,2,7,11,8,9,6,44,43,39,37,9,2,5-6,4,14-6,9,20,56-34,24,56-43,25,0,19,0,54-29,
E2023_331,PAN-ULK,42,FINAL FOUR,E2023,PAN,ULK,10,6,17,9,12,9,29,9,8,20,11,6,8,7,6,2,5,1,7,6,8,6,55,18,21,36,12,1,0-0,5,12-0,7,11,24-13,13,24-20,16,0,39,0,73-57,
E2023_332,OLY-ULK,43,FINAL FOUR,E2023,OLY,ULK,5,6,17,21,16,15,27,11,13,19,9,12,5,6,1,7,7,4,7,12,19,5,38,49,52,32,11,30,61-62,31,72-62,9,25,58-48,28,58-57,13,2,23,8,54-41,12-14
E2023_333,MAD-PAN,43,FINAL FOUR,E2023,MAD,PAN,6,3,6,9,11,10,21,8,10,29,4,3,3,6,2,4,2,1,11,6,9,4,47,33,61,34,7,1,3-3,3,10-3,9,36,76-79,38,76-88,14,18,12,40,41-27,77-95
