season_player_id,season_code,player_id,player,team_id,games_played,games_started,minutes,points,two_points_made,two_points_attempted,three_points_made,three_points_attempted,free_throws_made,free_throws_attempted,offensive_rebounds,defensive_rebounds,total_rebounds,assists,steals,turnovers,blocks_favour,blocks_against,fouls_committed,fouls_received,valuation,plus_minus,minutes_per_game,points_per_game,two_points_made_per_game,two_points_attempted_per_game,two_points_percentage,three_points_made_per_game,three_points_attempted_per_game,three_points_percentage,free_throws_made_per_game,free_throws_attempted_per_game,free_throws_percentage,offensive_rebounds_per_game,defensive_rebounds_per_game,total_rebounds_per_game,assists_per_game,steals_per_game,turnovers_per_game,blocks_favour_per_game,blocks_against_per_game,fouls_committed_per_game,fouls_received_per_game,valuation_per_game,plus_minus_per_game
E2023_P003733_MAD,E2023,P003733,"ABALDE, ALBERTO",MAD,24.0,9.0,308.0,86,11,22,19,46,7,8,6,39,45,16,10,5,1,2,25,10,97,46,12.83,3.58,0.46,0.92,0.5,0.79,1.92,0.413,0.29,0.33,0.875,0.25,1.62,1.88,0.67,0.42,0.21,0.04,0.08,1.04,0.42,4.04,1.92
E2023_P003527_VIR,E2023,P003527,"ABASS, AWUDU",VIR,31.0,2.0,398.6,136,25,43,25,79,11,13,18,34,52,13,12,6,3,4,33,11,110,-89,12.86,4.39,0.81,1.39,0.581,0.81,2.55,0.316,0.35,0.42,0.846,0.58,1.1,1.68,0.42,0.39,0.19,0.1,0.13,1.06,0.35,3.55,-2.87
E2023_P012298_OLY,E2023,P012298,"ABOSI, VENIAMIN",OLY,0.0,0.0,0.0,0,0,0,0,0,0,0,0,0,0,0,0,0,0,0,0,0,0,0,0.0,0.0,0.0,0.0,0.0,0.0,0.0,0.0,0.0,0.0,0.0,0.0,0.0,0.0,0.0,0.0,0.0,0.0,0.0,0.0,0.0,0.0,0.0
E2023_P003478_BAR,E2023,P003478,"ABRINES, ALEX",BAR,27.0,3.0,467.6,187,20,32,43,96,18,21,16,38,54,13,13,18,8,0,57,46,178,35,17.32,6.93,0.74,1.19,0.625,1.59,3.56,0.448,0.67,0.78,0.857,0.59,1.41,2.0,0.48,0.48,0.67,0.3,0.0,2.11,1.7,6.59,1.3
E2023_P010623_MAD,E2023,P010623,"ALOCEN, CARLOS",MAD,12.0,3.0,105.6,18,6,21,1,11,3,5,1,15,16,17,2,8,1,2,12,13,18,5,8.8,1.5,0.5,1.75,0.286,0.08,0.92,0.091,0.25,0.42,0.6,0.08,1.25,1.33,1.42,0.17,0.67,0.08,0.17,1.0,1.08,1.5,0.42
E2023_P012417_IST,E2023,P012417,"ALTUNTAS, SALIH",IST,0.0,0.0,0.0,0,0,0,0,0,0,0,0,0,0,0,0,0,0,0,0,0,0,0,0.0,0.0,0.0,0.0,0.0,0.0,0.0,0.0,0.0,0.0,0.0,0.0,0.0,0.0,0.0,0.0,0.0,0.0,0.0,0.0,0.0,0.0,0.0
E2023_P012795_PAM,E2023,P012795,"ANDERSON, JUSTIN",PAM,18.0,11.0,335.5,110,28,49,15,45,9,13,6,33,39,11,8,15,4,7,37,11,69,-60,18.64,6.11,1.56,2.72,0.571,0.83,2.5,0.333,0.5,0.72,0.692,0.33,1.83,2.17,0.61,0.44,0.83,0.22,0.39,2.06,0.61,3.83,-3.33
E2023_P000956_PAR,E2023,P000956,"ANDUSIC, DANILO",PAR,28.0,3.0,366.7,140,22,50,20,50,36,38,6,27,33,18,7,16,3,4,32,45,134,56,13.1,5.0,0.79,1.79,0.44,0.71,1.79,0.4,1.29,1.36,0.947,0.21,0.96,1.18,0.64,0.25,0.57,0.11,0.14,1.14,1.61,4.79,2.0
E2023_P011221_PAN,E2023,P011221,"ANTETOKOUNMPO, KOSTAS",PAN,31.0,3.0,224.4,80,31,49,0,0,18,46,23,30,53,5,8,15,22,3,50,49,103,15,7.24,2.58,1.0,1.58,0.633,0.0,0.0,0.0,0.58,1.48,0.391,0.74,0.97,1.71,0.16,0.26,0.48,0.71,0.1,1.61,1.58,3.32,0.48
E2023_P003983_PAR,E2023,P003983,"AVRAMOVIC, ALEKSA",PAR,24.0,6.0,446.7,245,68,101,26,88,31,40,8,34,42,44,17,32,4,6,43,43,210,47,18.61,10.21,2.83,4.21,0.673,1.08,3.67,0.295,1.29,1.67,0.775,0.33,1.42,1.75,1.83,0.71,1.33,0.17,0.25,1.79,1.79,8.75,1.96
E2023_P007553_PAN,E2023,P007553,"BALCEROWSKI, ALEKSANDER",PAN,24.0,9.0,181.2,68,22,35,1,9,21,30,14,18,32,7,6,8,10,3,37,29,74,-19,7.55,2.83,0.92,1.46,0.629,0.04,0.38,0.111,0.88,1.25,0.7,0.58,0.75,1.33,0.29,0.25,0.33,0.42,0.12,1.54,1.21,3.08,-0.79
E2023_P009863_TEL,E2023,P009863,"BALDWIN IV, WADE",TEL,30.0,30.0,826.6,522,127,263,43,110,139,164,9,67,76,146,30,79,5,7,58,165,572,43,27.55,17.4,4.23,8.77,0.483,1.43,3.67,0.391,4.63,5.47,0.848,0.3,2.23,2.53,4.87,1.0,2.63,0.17,0.23,1.93,5.5,19.07,1.43
E2023_P005775_MIL,E2023,P005775,"BARON, BILLY",MIL,3.0,0.0,47.2,7,3,6,0,5,1,1,0,7,7,9,4,6,0,1,5,4,11,-11,15.73,2.33,1.0,2.0,0.5,0.0,1.67,0.0,0.33,0.33,1.0,0.0,2.33,2.33,3.0,1.33,2.0,0.0,0.33,1.67,1.33,3.67,-3.67
E2023_P012721_BER,E2023,P012721,"BEAN, JUSTIN",BER,27.0,8.0,416.6,105,28,59,13,36,10,14,25,56,81,19,20,13,11,3,32,30,160,-114,15.43,3.89,1.04,2.19,0.475,0.48,1.33,0.361,0.37,0.52,0.714,0.93,2.07,3.0,0.7,0.74,0.48,0.41,0.11,1.19,1.11,5.93,-4.22
E2023_P006590_IST,E2023,P006590,"BEAUBOIS, RODRIGUE",IST,31.0,9.0,718.2,313,68,133,47,120,36,42,14,53,67,70,21,27,11,2,52,40,297,26,23.17,10.1,2.19,4.29,0.511,1.52,3.87,0.392,1.16,1.35,0.857,0.45,1.71,2.16,2.26,0.68,0.87,0.35,0.06,1.68,1.29,9.58,0.84
E2023_PBCN_VIR,E2023,PBCN,"BELINELLI, MARCO",VIR,35.0,33.0,796.5,493,65,148,91,238,90,104,6,52,58,60,14,45,0,9,72,66,321,-23,22.76,14.09,1.86,4.23,0.439,2.6,6.8,0.382,2.57,2.97,0.865,0.17,1.49,1.66,1.71,0.4,1.29,0.0,0.26,2.06,1.89,9.17,-0.66
E2023_P006961_ULK,E2023,P006961,"BIBEROVIC, TARIK",ULK,31.0,6.0,503.0,218,33,65,43,81,23,25,17,52,69,21,8,26,0,5,66,25,172,90,16.23,7.03,1.06,2.1,0.508,1.39,2.61,0.531,0.74,0.81,0.92,0.55,1.68,2.23,0.68,0.26,0.84,0.0,0.16,2.13,0.81,5.55,2.9
E2023_P005504_ZAL,E2023,P005504,"BIRUTIS, LAURYNAS",ZAL,34.0,19.0,513.9,256,111,172,0,0,34,55,46,80,126,21,7,29,15,8,61,57,302,-61,15.12,7.53,3.26,5.06,0.645,0.0,0.0,0.0,1.0,1.62,0.618,1.35,2.35,3.71,0.62,0.21,0.85,0.44,0.24,1.79,1.68,8.88,-1.79
E2023_P011193_TEL,E2023,P011193,"BLATT, TAMIR",TEL,38.0,0.0,715.4,267,21,42,68,173,21,24,7,49,56,182,16,68,0,2,57,31,296,10,18.83,7.03,0.55,1.11,0.5,1.79,4.55,0.393,0.55,0.63,0.875,0.18,1.29,1.47,4.79,0.42,1.79,0.0,0.05,1.5,0.82,7.79,0.26
E2023_P011231_MCO,E2023,P011231,"BLOSSOMGAME, JARON",MCO,39.0,15.0,764.0,257,85,135,22,85,21,32,44,85,129,11,19,12,10,5,80,46,251,-13,19.59,6.59,2.18,3.46,0.63,0.56,2.18,0.259,0.54,0.82,0.656,1.13,2.18,3.31,0.28,0.49,0.31,0.26,0.13,2.05,1.18,6.44,-0.33
E2023_P008985_MUN,E2023,P008985,"BOLMARO, LEANDRO",MUN,30.0,28.0,593.4,252,87,159,16,53,30,41,18,66,84,101,31,60,9,7,74,61,277,22,19.78,8.4,2.9,5.3,0.547,0.53,1.77,0.302,1.0,1.37,0.732,0.6,2.2,2.8,3.37,1.03,2.0,0.3,0.23,2.47,2.03,9.23,0.73
E2023_P009035_RED,E2023,P009035,"BOLOMBOY, JOEL",RED,33.0,31.0,840.9,338,121,184,9,27,69,85,77,121,198,26,27,37,24,8,77,88,482,-87,25.48,10.24,3.67,5.58,0.658,0.27,0.82,0.333,2.09,2.58,0.812,2.33,3.67,6.0,0.79,0.82,1.12,0.73,0.24,2.33,2.67,14.61,-2.64
E2023_P006760_MUN,E2023,P006760,"BONGA, ISAAC",MUN,31.0,21.0,617.6,181,45,81,20,67,31,39,39,90,129,37,23,40,10,4,77,54,222,-55,19.92,5.84,1.45,2.61,0.556,0.65,2.16,0.299,1.0,1.26,0.795,1.26,2.9,4.16,1.19,0.74,1.29,0.32,0.13,2.48,1.74,7.16,-1.77
E2023_P007056_MUN,E2023,P007056,"BOOKER, DEVIN",MUN,28.0,28.0,741.7,272,93,172,16,53,38,48,40,113,153,34,12,53,4,7,50,59,298,-53,26.49,9.71,3.32,6.14,0.541,0.57,1.89,0.302,1.36,1.71,0.792,1.43,4.04,5.46,1.21,0.43,1.89,0.14,0.25,1.79,2.11,10.64,-1.89
E2023_P006701_MIL,E2023,P006701,"BORTOLANI, GIORDANO",MIL,18.0,0.0,135.8,79,8,21,17,38,12,13,2,11,13,6,4,5,1,2,11,11,61,34,7.54,4.39,0.44,1.17,0.381,0.94,2.11,0.447,0.67,0.72,0.923,0.11,0.61,0.72,0.33,0.22,0.28,0.06,0.11,0.61,0.61,3.39,1.89
E2023_P007639_MUN,E2023,P007639,"BRANKOVIC, DANKO",MUN,25.0,5.0,249.4,106,41,63,4,9,12,14,23,39,62,11,10,13,10,4,46,15,122,-5,9.98,4.24,1.64,2.52,0.651,0.16,0.36,0.444,0.48,0.56,0.857,0.92,1.56,2.48,0.44,0.4,0.52,0.4,0.16,1.84,0.6,4.88,-0.2
E2023_P011983_OLY,E2023,P011983,"BRAZDEIKIS, IGNAS",OLY,27.0,5.0,293.3,97,28,73,7,31,20,27,14,32,46,16,5,9,3,8,35,26,65,-10,10.86,3.59,1.04,2.7,0.384,0.26,1.15,0.226,0.74,1.0,0.741,0.52,1.19,1.7,0.59,0.19,0.33,0.11,0.3,1.3,0.96,2.41,-0.37
E2023_P009992_BAR,E2023,P009992,"BRIZUELA, DARIO",BAR,32.0,7.0,441.2,182,51,103,24,75,8,11,9,22,31,51,9,26,2,3,50,29,119,-10,13.79,5.69,1.59,3.22,0.495,0.75,2.34,0.32,0.25,0.34,0.727,0.28,0.69,0.97,1.59,0.28,0.81,0.06,0.09,1.56,0.91,3.72,-0.31
E2023_P010588_MCO,E2023,P010588,"BROWN, JOHN",MCO,36.0,34.0,910.4,215,90,187,0,4,35,49,69,65,134,51,41,27,3,4,80,86,304,34,25.29,5.97,2.5,5.19,0.481,0.0,0.11,0.0,0.97,1.36,0.714,1.92,1.81,3.72,1.42,1.14,0.75,0.08,0.11,2.22,2.39,8.44,0.94
E2023_P009622_TEL,E2023,P009622,"BROWN, LORENZO",TEL,38.0,38.0,1111.6,500,133,294,58,168,60,69,25,82,107,231,39,99,4,14,81,89,496,-19,29.25,13.16,3.5,7.74,0.452,1.53,4.42,0.345,1.58,1.82,0.87,0.66,2.16,2.82,6.08,1.03,2.61,0.11,0.37,2.13,2.34,13.05,-0.5
E2023_P012720_BER,E2023,P012720,"BROWN, STERLING",BER,29.0,21.0,699.6,326,59,129,56,157,40,43,21,74,95,70,22,56,5,18,60,41,251,-179,24.12,11.24,2.03,4.45,0.457,1.93,5.41,0.357,1.38,1.48,0.93,0.72,2.55,3.28,2.41,0.76,1.93,0.17,0.62,2.07,1.41,8.66,-6.17
E2023_P009846_IST,E2023,P009846,"BRYANT, ELIJAH",IST,24.0,8.0,520.2,233,57,112,26,68,41,47,21,72,93,65,17,37,7,9,53,63,276,22,21.68,9.71,2.38,4.67,0.509,1.08,2.83,0.382,1.71,1.96,0.872,0.88,3.0,3.88,2.71,0.71,1.54,0.29,0.38,2.21,2.62,11.5,0.92
E2023_P010184_ZAL,E2023,P010184,"BUTKA, DOVYDAS",ZAL,3.0,0.0,11.3,0,0,0,0,2,0,0,1,2,3,0,0,0,0,0,0,0,1,2,3.77,0.0,0.0,0.0,0.0,0.0,0.67,0.0,0.0,0.0,0.0,0.33,0.67,1.0,0.0,0.0,0.0,0.0,0.0,0.0,0.0,0.33,0.67
E2023_P002676_ZAL,E2023,P002676,"BUTKEVICIUS, ARNAS",ZAL,22.0,6.0,459.6,109,24,39,14,36,19,27,17,56,73,20,13,21,2,5,55,35,126,-2,20.89,4.95,1.09,1.77,0.615,0.64,1.64,0.389,0.86,1.23,0.704,0.77,2.55,3.32,0.91,0.59,0.95,0.09,0.23,2.5,1.59,5.73,-0.09
E2023_P012096_PAR,E2023,P012096,"CABOCLO, BRUNO",PAR,27.0,19.0,523.4,254,70,100,23,46,45,62,38,71,109,5,16,34,18,2,73,61,284,-11,19.39,9.41,2.59,3.7,0.7,0.85,1.7,0.5,1.67,2.3,0.726,1.41,2.63,4.04,0.19,0.59,1.26,0.67,0.07,2.7,2.26,10.52,-0.41
E2023_P012714_VIR,E2023,P012714,"CACOK, DEVONTAE",VIR,15.0,1.0,135.9,48,20,28,0,0,8,12,9,25,34,7,5,11,2,2,26,15,60,15,9.06,3.2,1.33,1.87,0.714,0.0,0.0,0.0,0.53,0.8,0.667,0.6,1.67,2.27,0.47,0.33,0.73,0.13,0.13,1.73,1.0,4.0,1.0
E2023_P001932_ULK,E2023,P001932,"CALATHES, NICK",ULK,38.0,35.0,901.6,268,79,151,30,84,20,39,26,134,160,183,40,71,7,12,85,53,398,123,23.73,7.05,2.08,3.97,0.523,0.79,2.21,0.357,0.53,1.03,0.513,0.68,3.53,4.21,4.82,1.05,1.87,0.18,0.32,2.24,1.39,10.47,3.24
E2023_P005928_MAD,E2023,P005928,"CAMPAZZO, FACUNDO",MAD,37.0,36.0,935.8,425,89,154,48,149,103,119,22,85,107,240,48,89,1,9,88,166,619,308,25.29,11.49,2.41,4.16,0.578,1.3,4.03,0.322,2.78,3.22,0.866,0.59,2.3,2.89,6.49,1.3,2.41,0.03,0.24,2.38,4.49,16.73,8.32
E2023_P010612_OLY,E2023,P010612,"CANAAN, ISAIAH",OLY,41.0,41.0,945.3,455,53,97,94,221,67,76,9,41,50,58,35,47,3,9,93,72,344,72,23.06,11.1,1.29,2.37,0.546,2.29,5.39,0.425,1.63,1.85,0.882,0.22,1.0,1.22,1.41,0.85,1.15,0.07,0.22,2.27,1.76,8.39,1.76
E2023_P006721_MIL,E2023,P006721,"CARUSO, GUGLIELMO",MIL,5.0,0.0,10.7,5,0,1,1,1,2,2,0,1,1,0,1,0,0,0,2,1,5,2,2.14,1.0,0.0,0.2,0.0,0.2,0.2,1.0,0.4,0.4,1.0,0.0,0.2,0.2,0.0,0.2,0.0,0.0,0.0,0.4,0.2,1.0,0.4
E2023_P001392_MAD,E2023,P001392,"CAUSEUR, FABIEN",MAD,32.0,18.0,487.0,164,35,66,26,66,16,18,12,29,41,35,12,24,7,3,45,29,143,104,15.22,5.12,1.09,2.06,0.53,0.81,2.06,0.394,0.5,0.56,0.889,0.38,0.91,1.28,1.09,0.38,0.75,0.22,0.09,1.41,0.91,4.47,3.25
E2023_P012765_BAS,E2023,P012765,"CHRIS, CHIOZZA",BAS,26.0,2.0,268.7,50,11,26,7,34,7,10,2,23,25,64,12,24,3,5,28,15,67,-2,10.34,1.92,0.42,1.0,0.423,0.27,1.31,0.206,0.27,0.38,0.7,0.08,0.88,0.96,2.46,0.46,0.92,0.12,0.19,1.08,0.58,2.58,-0.08
E2023_P000556_PAM,E2023,P000556,"CLAVER, VICTOR",PAM,21.0,5.0,310.2,71,10,23,15,39,6,8,11,34,45,13,9,14,0,3,31,16,67,-75,14.77,3.38,0.48,1.1,0.435,0.71,1.86,0.385,0.29,0.38,0.75,0.52,1.62,2.14,0.62,0.43,0.67,0.0,0.14,1.48,0.76,3.19,-3.57
E2023_P012744_TEL,E2023,P012744,"CLEVELAND, ANTONIUS",TEL,39.0,4.0,551.2,211,60,108,16,59,43,61,38,30,68,28,37,19,19,7,98,46,176,28,14.13,5.41,1.54,2.77,0.556,0.41,1.51,0.271,1.1,1.56,0.705,0.97,0.77,1.74,0.72,0.95,0.49,0.49,0.18,2.51,1.18,4.51,0.72
E2023_P004888_IST,E2023,P004888,"CLYBURN, WILL",IST,25.0,18.0,708.1,332,78,155,39,118,59,75,28,86,114,49,25,38,6,8,48,106,366,-21,28.32,13.28,3.12,6.2,0.503,1.56,4.72,0.331,2.36,3.0,0.787,1.12,3.44,4.56,1.96,1.0,1.52,0.24,0.32,1.92,4.24,14.64,-0.84
E2023_P005145_TEL,E2023,P005145,"COHEN, JAKE",TEL,36.0,31.0,372.4,107,26,47,17,45,4,4,12,32,44,34,8,13,1,4,69,17,76,20,10.35,2.97,0.72,1.31,0.553,0.47,1.25,0.378,0.11,0.11,1.0,0.33,0.89,1.22,0.94,0.22,0.36,0.03,0.11,1.92,0.47,2.11,0.56
E2023_P009783_TEL,E2023,P009783,"COLSON, BONZIE",TEL,40.0,40.0,1136.5,504,129,234,55,142,81,102,58,154,212,22,50,25,15,8,87,92,562,5,28.41,12.6,3.22,5.85,0.551,1.38,3.55,0.387,2.02,2.55,0.794,1.45,3.85,5.3,0.55,1.25,0.62,0.38,0.2,2.17,2.3,14.05,0.12
E2023_P009549_VIR,E2023,P009549,"CORDINIER, ISAIA",VIR,31.0,27.0,691.4,267,78,140,24,71,39,50,27,90,117,80,27,47,15,4,83,70,322,-9,22.3,8.61,2.52,4.52,0.557,0.77,2.29,0.338,1.26,1.61,0.78,0.87,2.9,3.77,2.58,0.87,1.52,0.48,0.13,2.68,2.26,10.39,-0.29
E2023_P004790_MCO,E2023,P004790,"CORNELIE, PETR",MCO,28.0,3.0,277.7,79,16,29,14,42,5,11,23,28,51,19,8,14,8,1,45,8,66,52,9.92,2.82,0.57,1.04,0.552,0.5,1.5,0.333,0.18,0.39,0.455,0.82,1.0,1.82,0.68,0.29,0.5,0.29,0.04,1.61,0.29,2.36,1.86
E2023_P010444_BAS,E2023,P010444,"COSTELLO, MATTHEW",BAS,33.0,13.0,732.5,320,81,123,44,138,26,38,40,100,140,55,22,35,28,9,95,61,339,31,22.2,9.7,2.45,3.73,0.659,1.33,4.18,0.319,0.79,1.15,0.684,1.21,3.03,4.24,1.67,0.67,1.06,0.85,0.27,2.88,1.85,10.27,0.94
E2023_P003274_ASV,E2023,P003274,"DALLO, BORIS",ASV,3.0,0.0,13.3,0,0,1,0,2,0,0,1,0,1,2,0,4,0,0,4,0,-8,-5,4.42,0.0,0.0,0.33,0.0,0.0,0.67,0.0,0.0,0.0,0.0,0.33,0.0,0.33,0.67,0.0,1.33,0.0,0.0,1.33,0.0,-2.67,-1.67
E2023_P011244_BAR,E2023,P011244,"DA SILVA, OSCAR",BAR,37.0,20.0,542.3,126,45,77,8,33,12,20,47,54,101,15,24,10,10,8,62,21,152,-24,14.66,3.41,1.22,2.08,0.584,0.22,0.89,0.242,0.32,0.54,0.6,1.27,1.46,2.73,0.41,0.65,0.27,0.27,0.22,1.68,0.57,4.11,-0.65
E2023_P012786_IST,E2023,P012786,"DAUM, MIKE",IST,11.0,4.0,218.1,103,19,25,19,46,8,8,6,18,24,3,6,6,2,0,23,8,84,-16,19.83,9.36,1.73,2.27,0.76,1.73,4.18,0.413,0.73,0.73,1.0,0.55,1.64,2.18,0.27,0.55,0.55,0.18,0.0,2.09,0.73,7.64,-1.45
E2023_P007960_RED,E2023,P007960,"DAVIDOVAC, DEJAN",RED,31.0,12.0,598.2,157,31,55,26,68,17,23,17,77,94,19,21,13,10,6,46,36,200,-14,19.3,5.06,1.0,1.77,0.564,0.84,2.19,0.382,0.55,0.74,0.739,0.55,2.48,3.03,0.61,0.68,0.42,0.32,0.19,1.48,1.16,6.45,-0.45
E2023_P007870_PAM,E2023,P007870,"DAVIES, BRANDON",PAM,28.0,18.0,626.0,338,114,211,15,49,65,81,32,75,107,56,23,55,17,7,76,87,343,-10,22.36,12.07,4.07,7.54,0.54,0.54,1.75,0.306,2.32,2.89,0.802,1.14,2.68,3.82,2.0,0.82,1.96,0.61,0.25,2.71,3.11,12.25,-0.36
E2023_P009005_MAD,E2023,P009005,"DECK, GABRIEL",MAD,28.0,15.0,594.2,253,80,117,19,53,36,41,19,72,91,30,16,26,0,7,53,49,277,152,21.22,9.04,2.86,4.18,0.684,0.68,1.89,0.358,1.29,1.46,0.878,0.68,2.57,3.25,1.07,0.57,0.93,0.0,0.25,1.89,1.75,9.89,5.43
E2023_P002100_ASV,E2023,P002100,"DE COLO, NANDO",ASV,21.0,3.0,459.4,256,39,84,38,100,64,73,3,35,38,86,23,45,1,12,23,79,287,-46,21.88,12.19,1.86,4.0,0.464,1.81,4.76,0.38,3.05,3.48,0.877,0.14,1.67,1.81,4.1,1.1,2.14,0.05,0.57,1.1,3.76,13.67,-2.19
E2023_P010750_PAM,E2023,P010750,"DE LARREA, SERGIO",PAM,1.0,0.0,16.5,0,0,2,0,1,0,0,0,2,2,2,0,3,1,0,2,1,-2,-1,16.53,0.0,0.0,2.0,0.0,0.0,1.0,0.0,0.0,0.0,0.0,0.0,2.0,2.0,2.0,0.0,3.0,1.0,0.0,2.0,1.0,-2.0,-1.0
E2023_P008211_BER,E2023,P008211,"DELOW, MALTE",BER,34.0,8.0,574.1,176,34,70,30,93,18,23,28,49,77,80,27,59,3,6,75,41,160,-72,16.88,5.18,1.0,2.06,0.486,0.88,2.74,0.323,0.53,0.68,0.783,0.82,1.44,2.26,2.35,0.79,1.74,0.09,0.18,2.21,1.21,4.71,-2.12
E2023_P010868_MAD,E2023,P010868,"DIAGNE, ISMAILA",MAD,2.0,1.0,6.2,0,0,0,0,0,0,0,0,0,0,0,0,1,0,0,3,0,-4,0,3.09,0.0,0.0,0.0,0.0,0.0,0.0,0.0,0.0,0.0,0.0,0.0,0.0,0.0,0.0,0.0,0.5,0.0,0.0,1.5,0.0,-2.0,0.0
E2023_P011226_MCO,E2023,P011226,"DIALLO, ALPHA",MCO,38.0,16.0,1023.9,404,109,206,37,95,75,100,46,115,161,65,43,46,14,13,101,102,449,14,26.94,10.63,2.87,5.42,0.529,0.97,2.5,0.389,1.97,2.63,0.75,1.21,3.03,4.24,1.71,1.13,1.21,0.37,0.34,2.66,2.68,11.82,0.37
E2023_P007990_TEL,E2023,P007990,"DIBARTOLOMEO, JOHN",TEL,29.0,8.0,428.6,139,10,25,33,84,20,20,20,37,57,31,21,14,0,3,47,42,160,26,14.78,4.79,0.34,0.86,0.4,1.14,2.9,0.393,0.69,0.69,1.0,0.69,1.28,1.97,1.07,0.72,0.48,0.0,0.1,1.62,1.45,5.52,0.9
E2023_P003198_BAS,E2023,P003198,"DIEZ, DANIEL",BAS,30.0,14.0,361.6,73,8,11,18,48,3,4,13,49,62,16,7,6,0,0,26,7,99,-16,12.06,2.43,0.27,0.37,0.727,0.6,1.6,0.375,0.1,0.13,0.75,0.43,1.63,2.07,0.53,0.23,0.2,0.0,0.0,0.87,0.23,3.3,-0.53
E2023_P003211_ZAL,E2023,P003211,"DIMSA, TOMAS",ZAL,33.0,4.0,589.4,210,42,91,37,97,15,22,16,34,50,57,14,33,4,10,68,35,143,15,17.86,6.36,1.27,2.76,0.462,1.12,2.94,0.381,0.45,0.67,0.682,0.48,1.03,1.52,1.73,0.42,1.0,0.12,0.3,2.06,1.06,4.33,0.45
E2023_P008072_BAS,E2023,P008072,"DIOP, KHALIFA",BAS,13.0,1.0,122.5,36,13,25,0,0,10,16,13,12,25,4,3,12,2,0,20,14,34,-25,9.43,2.77,1.0,1.92,0.52,0.0,0.0,0.0,0.77,1.23,0.625,1.0,0.92,1.92,0.31,0.23,0.92,0.15,0.0,1.54,1.08,2.62,-1.92
E2023_P004007_VIR,E2023,P004007,"DOBRIC, OGNJEN",VIR,28.0,6.0,374.2,132,34,54,20,49,4,6,7,37,44,17,15,12,0,4,35,16,122,-12,13.36,4.71,1.21,1.93,0.63,0.71,1.75,0.408,0.14,0.21,0.667,0.25,1.32,1.57,0.61,0.54,0.43,0.0,0.14,1.25,0.57,4.36,-0.43
E2023_P009849_ULK,E2023,P009849,"DORSEY, TYLER",ULK,38.0,16.0,670.0,331,50,117,59,130,54,65,15,53,68,47,9,39,4,11,58,83,285,-13,17.63,8.71,1.32,3.08,0.427,1.55,3.42,0.454,1.42,1.71,0.831,0.39,1.39,1.79,1.24,0.24,1.03,0.11,0.29,1.53,2.18,7.5,-0.34
E2023_P012044_RED,E2023,P012044,"DOS SANTOS, YAGO",RED,28.0,16.0,554.6,243,43,92,37,92,46,57,9,46,55,108,15,53,0,13,50,64,254,-38,19.81,8.68,1.54,3.29,0.467,1.32,3.29,0.402,1.64,2.04,0.807,0.32,1.64,1.96,3.86,0.54,1.89,0.0,0.46,1.79,2.29,9.07,-1.36
E2023_P012742_PAR,E2023,P012742,"DOZIER JR, PERRY",PAR,33.0,22.0,693.1,304,98,168,25,85,33,45,25,74,99,103,43,67,6,1,83,64,326,-22,21.0,9.21,2.97,5.09,0.583,0.76,2.58,0.294,1.0,1.36,0.733,0.76,2.24,3.0,3.12,1.3,2.03,0.18,0.03,2.52,1.94,9.88,-0.67
E2023_P011375_PAR,E2023,P011375,"DREZGIC, SAVO",PAR,0.0,0.0,0.0,0,0,0,0,0,0,0,0,0,0,0,0,0,0,0,0,0,0,0,0.0,0.0,0.0,0.0,0.0,0.0,0.0,0.0,0.0,0.0,0.0,0.0,0.0,0.0,0.0,0.0,0.0,0.0,0.0,0.0,0.0,0.0,0.0
E2023_P003048_VIR,E2023,P003048,"DUNSTON, BRYANT",VIR,36.0,32.0,694.4,162,68,108,2,6,20,42,55,76,131,34,27,21,25,5,92,46,241,-90,19.29,4.5,1.89,3.0,0.63,0.06,0.17,0.333,0.56,1.17,0.476,1.53,2.11,3.64,0.94,0.75,0.58,0.69,0.14,2.56,1.28,6.69,-2.5
E2023_P011987_MUN,E2023,P011987,"EDWARDS, CARSEN",MUN,34.0,30.0,775.8,390,77,169,61,187,53,58,13,45,58,62,30,58,2,23,58,95,275,-97,22.82,11.47,2.26,4.97,0.456,1.79,5.5,0.326,1.56,1.71,0.914,0.38,1.32,1.71,1.82,0.88,1.71,0.06,0.68,1.71,2.79,8.09,-2.85
E2023_P012730_ASV,E2023,P012730,"EGBUNU, JOHN",ASV,19.0,2.0,223.1,55,24,42,0,0,7,18,26,22,48,9,2,10,3,3,26,15,64,-109,11.74,2.89,1.26,2.21,0.571,0.0,0.0,0.0,0.37,0.95,0.389,1.37,1.16,2.53,0.47,0.11,0.53,0.16,0.16,1.37,0.79,3.37,-5.74
E2023_P011218_ZAL,E2023,P011218,"EVANS, KEENAN",ZAL,34.0,34.0,931.2,587,105,200,83,191,128,143,16,78,94,133,42,77,2,18,83,160,622,92,27.39,17.26,3.09,5.88,0.525,2.44,5.62,0.435,3.76,4.21,0.895,0.47,2.29,2.76,3.91,1.24,2.26,0.06,0.53,2.44,4.71,18.29,2.71
E2023_P008811_OLY,E2023,P008811,"FALL, MOUSTAPHA",OLY,36.0,34.0,811.8,260,112,142,0,0,36,82,54,114,168,86,7,41,44,5,63,104,484,64,22.55,7.22,3.11,3.94,0.789,0.0,0.0,0.0,1.0,2.28,0.439,1.5,3.17,4.67,2.39,0.19,1.14,1.22,0.14,1.75,2.89,13.44,1.78
E2023_P006568_ASV,E2023,P006568,"FALL, YOUSSOUPHA",ASV,31.0,29.0,611.1,273,114,186,0,0,45,76,77,129,206,10,10,28,19,10,63,83,397,-90,19.71,8.81,3.68,6.0,0.613,0.0,0.0,0.0,1.45,2.45,0.592,2.48,4.16,6.65,0.32,0.32,0.9,0.61,0.32,2.03,2.68,12.81,-2.9
E2023_P012766_BAS,E2023,P012766,"FAYE, SEYDINA",BAS,0.0,0.0,0.0,0,0,0,0,0,0,0,0,0,0,0,0,0,0,0,0,0,0,0,0.0,0.0,0.0,0.0,0.0,0.0,0.0,0.0,0.0,0.0,0.0,0.0,0.0,0.0,0.0,0.0,0.0,0.0,0.0,0.0,0.0,0.0,0.0
E2023_PBMT_MAD,E2023,PBMT,"FERNANDEZ, RUDY",MAD,24.0,0.0,369.5,79,2,4,23,63,6,7,6,39,45,35,22,6,1,0,32,17,118,13,15.4,3.29,0.08,0.17,0.5,0.96,2.62,0.365,0.25,0.29,0.857,0.25,1.62,1.88,1.46,0.92,0.25,0.04,0.0,1.33,0.71,4.92,0.54
E2023_P009101_PAM,E2023,P009101,"FERRANDO, GUILLEM",PAM,6.0,0.0,49.3,11,0,0,2,10,5,5,1,4,5,6,0,2,0,0,7,2,7,-16,8.21,1.83,0.0,0.0,0.0,0.33,1.67,0.2,0.83,0.83,1.0,0.17,0.67,0.83,1.0,0.0,0.33,0.0,0.0,1.17,0.33,1.17,-2.67
E2023_P005670_MIL,E2023,P005670,"FLACCADORI, DIEGO",MIL,26.0,8.0,362.4,120,30,70,12,42,24,27,1,25,26,27,17,20,0,2,49,27,73,33,13.94,4.62,1.15,2.69,0.429,0.46,1.62,0.286,0.92,1.04,0.889,0.04,0.96,1.0,1.04,0.65,0.77,0.0,0.08,1.88,1.04,2.81,1.27
E2023_P007975_MUN,E2023,P007975,"FRANCISCO, SYLVAIN",MUN,33.0,0.0,636.6,350,53,123,58,164,70,86,13,44,57,105,22,42,0,10,49,113,354,-94,19.29,10.61,1.61,3.73,0.431,1.76,4.97,0.354,2.12,2.61,0.814,0.39,1.33,1.73,3.18,0.67,1.27,0.0,0.3,1.48,3.42,10.73,-2.85
E2023_P010516_IST,E2023,P010516,"GAZI, ERTEN",IST,10.0,3.0,87.5,9,2,6,1,17,2,4,2,3,5,4,1,5,0,3,9,6,-14,-48,8.75,0.9,0.2,0.6,0.333,0.1,1.7,0.059,0.2,0.4,0.5,0.2,0.3,0.5,0.4,0.1,0.5,0.0,0.3,0.9,0.6,-1.4,-4.8
E2023_P007513_ZAL,E2023,P007513,"GIEDRAITIS, DOVYDAS",ZAL,30.0,19.0,497.4,145,26,69,23,54,24,26,9,22,31,31,32,23,0,6,52,26,108,20,16.58,4.83,0.87,2.3,0.377,0.77,1.8,0.426,0.8,0.87,0.923,0.3,0.73,1.03,1.03,1.07,0.77,0.0,0.2,1.73,0.87,3.6,0.67
E2023_P006436_RED,E2023,P006436,"GIEDRAITIS, ROKAS",RED,34.0,23.0,864.3,341,78,145,44,129,53,65,48,80,128,32,31,27,3,12,64,66,334,-39,25.42,10.03,2.29,4.26,0.538,1.29,3.79,0.341,1.56,1.91,0.815,1.41,2.35,3.76,0.94,0.91,0.79,0.09,0.35,1.88,1.94,9.82,-1.15
E2023_P001557_MUN,E2023,P001557,"GIFFEY, NIELS",MUN,31.0,7.0,405.2,92,21,42,13,47,11,15,17,35,52,13,14,8,1,2,45,22,80,-58,13.07,2.97,0.68,1.35,0.5,0.42,1.52,0.277,0.35,0.48,0.733,0.55,1.13,1.68,0.42,0.45,0.26,0.03,0.06,1.45,0.71,2.58,-1.87
E2023_P011941_MUN,E2023,P011941,"GILLESPIE, FREDDIE",MUN,13.0,3.0,119.5,29,13,26,0,0,3,4,12,19,31,3,3,6,4,3,27,10,30,-47,9.19,2.23,1.0,2.0,0.5,0.0,0.0,0.0,0.23,0.31,0.75,0.92,1.46,2.38,0.23,0.23,0.46,0.31,0.23,2.08,0.77,2.31,-3.62
E2023_P011941_RED,E2023,P011941,"GILLESPIE, FREDDIE",RED,15.0,0.0,122.2,38,16,27,0,0,6,13,13,16,29,7,5,5,7,2,34,13,40,-22,8.14,2.53,1.07,1.8,0.593,0.0,0.0,0.0,0.4,0.87,0.462,0.87,1.07,1.93,0.47,0.33,0.33,0.47,0.13,2.27,0.87,2.67,-1.47
E2023_P011649_MAD,E2023,P011649,"GONZ√ÅLEZ, HUGO",MAD,6.0,1.0,26.5,4,1,1,0,4,2,2,0,1,1,1,0,2,0,0,6,3,-3,2,4.41,0.67,0.17,0.17,1.0,0.0,0.67,0.0,0.33,0.33,1.0,0.0,0.17,0.17,0.17,0.0,0.33,0.0,0.0,1.0,0.5,-0.5,0.33
E2023_P011204_PAN,E2023,P011204,"GRANT, JERIAN",PAN,41.0,34.0,1129.3,351,71,143,47,113,68,79,20,74,94,141,61,44,5,4,95,85,445,198,27.54,8.56,1.73,3.49,0.497,1.15,2.76,0.416,1.66,1.93,0.861,0.49,1.8,2.29,3.44,1.49,1.07,0.12,0.1,2.32,2.07,10.85,4.83
E2023_P002328_PAN,E2023,P002328,"GRIGONIS, MARIUS",PAN,41.0,36.0,1013.0,373,59,99,70,168,45,50,14,95,109,54,23,36,0,5,99,82,358,106,24.71,9.1,1.44,2.41,0.596,1.71,4.1,0.417,1.1,1.22,0.9,0.34,2.32,2.66,1.32,0.56,0.88,0.0,0.12,2.41,2.0,8.73,2.59
E2023_P004004_ULK,E2023,P004004,"GUDURIC, MARKO",ULK,37.0,9.0,793.5,336,67,115,43,128,73,81,12,79,91,91,30,53,0,8,83,91,354,91,21.45,9.08,1.81,3.11,0.583,1.16,3.46,0.336,1.97,2.19,0.901,0.32,2.14,2.46,2.46,0.81,1.43,0.0,0.22,2.24,2.46,9.57,2.46
E2023_P011826_PAN,E2023,P011826,"GUY, KYLE",PAN,8.0,1.0,85.2,32,5,7,6,19,4,5,0,7,7,6,2,8,1,0,10,5,19,21,10.65,4.0,0.62,0.88,0.714,0.75,2.38,0.316,0.5,0.62,0.8,0.0,0.88,0.88,0.75,0.25,1.0,0.12,0.0,1.25,0.62,2.38,2.62
E2023_P001844_VIR,E2023,P001844,"HACKETT, DANIEL",VIR,32.0,29.0,770.5,258,50,104,35,89,53,66,17,87,104,114,29,50,2,10,86,102,342,-92,24.08,8.06,1.56,3.25,0.481,1.09,2.78,0.393,1.66,2.06,0.803,0.53,2.72,3.25,3.56,0.91,1.56,0.06,0.31,2.69,3.19,10.69,-2.88
E2023_P011205_MIL,E2023,P011205,"HALL, DEVON",MIL,32.0,13.0,770.6,262,60,118,37,96,31,37,19,73,92,62,31,32,3,7,54,57,291,6,24.08,8.19,1.88,3.69,0.508,1.16,3.0,0.385,0.97,1.16,0.838,0.59,2.28,2.88,1.94,0.97,1.0,0.09,0.22,1.69,1.78,9.09,0.19
E2023_P011196_MCO,E2023,P011196,"HALL, DONTA",MCO,38.0,0.0,517.6,185,74,99,0,1,37,61,53,80,133,16,20,13,17,4,61,59,302,30,13.62,4.87,1.95,2.61,0.747,0.0,0.03,0.0,0.97,1.61,0.607,1.39,2.11,3.5,0.42,0.53,0.34,0.45,0.11,1.61,1.55,7.95,0.79
E2023_P005099_RED,E2023,P005099,"HANGA, ADAM",RED,26.0,10.0,523.2,207,42,89,33,99,24,45,14,62,76,62,25,34,8,5,51,59,213,-36,20.12,7.96,1.62,3.42,0.472,1.27,3.81,0.333,0.92,1.73,0.533,0.54,2.38,2.92,2.38,0.96,1.31,0.31,0.19,1.96,2.27,8.19,-1.38
E2023_P011970_PAM,E2023,P011970,"HARPER, JARED",PAM,22.0,2.0,362.0,186,34,68,20,79,58,68,2,16,18,49,13,30,0,9,44,63,143,-49,16.45,8.45,1.55,3.09,0.5,0.91,3.59,0.253,2.64,3.09,0.853,0.09,0.73,0.82,2.23,0.59,1.36,0.0,0.41,2.0,2.86,6.5,-2.23
E2023_P005460_MUN,E2023,P005460,"HARRIS, ELIAS",MUN,14.0,0.0,141.5,68,25,47,2,2,12,16,19,18,37,5,4,9,0,5,21,17,70,-1,10.11,4.86,1.79,3.36,0.532,0.14,0.14,1.0,0.86,1.14,0.75,1.36,1.29,2.64,0.36,0.29,0.64,0.0,0.36,1.5,1.21,5.0,-0.07
E2023_P010390_ZAL,E2023,P010390,"HAYES, KEVARRIUS",ZAL,34.0,15.0,634.6,191,79,140,2,3,27,35,62,74,136,16,24,31,25,12,68,41,252,69,18.67,5.62,2.32,4.12,0.564,0.06,0.09,0.667,0.79,1.03,0.771,1.82,2.18,4.0,0.47,0.71,0.91,0.74,0.35,2.0,1.21,7.41,2.03
E2023_P008962_ULK,E2023,P008962,"HAYES, NIGEL",ULK,37.0,36.0,1165.7,509,108,192,68,183,89,107,54,116,170,63,37,46,6,11,77,143,577,104,31.51,13.76,2.92,5.19,0.562,1.84,4.95,0.372,2.41,2.89,0.832,1.46,3.14,4.59,1.7,1.0,1.24,0.16,0.3,2.08,3.86,15.59,2.81
E2023_P011201_ULK,E2023,P011201,"HAZER, SEHMUS",ULK,6.0,0.0,34.1,2,0,3,0,1,2,4,1,3,4,1,0,1,0,1,3,4,0,-27,5.68,0.33,0.0,0.5,0.0,0.0,0.17,0.0,0.33,0.67,0.5,0.17,0.5,0.67,0.17,0.0,0.17,0.0,0.17,0.5,0.67,0.0,-4.5
E2023_P008780_PAM,E2023,P008780,"HERMANNSSON, MARTIN",PAM,4.0,0.0,40.5,12,5,6,0,3,2,2,0,3,3,7,0,6,0,0,5,2,9,-6,10.13,3.0,1.25,1.5,0.833,0.0,0.75,0.0,0.5,0.5,1.0,0.0,0.75,0.75,1.75,0.0,1.5,0.0,0.0,1.25,0.5,2.25,-1.5
E2023_P008780_BER,E2023,P008780,"HERMANNSSON, MARTIN",BER,12.0,10.0,244.8,86,23,54,8,23,16,16,1,17,18,50,9,27,2,8,19,23,88,-96,20.4,7.17,1.92,4.5,0.426,0.67,1.92,0.348,1.33,1.33,1.0,0.08,1.42,1.5,4.17,0.75,2.25,0.17,0.67,1.58,1.92,7.33,-8.0
E2023_P012712_PAN,E2023,P012712,"HERNANGOMEZ, JUANCHO",PAN,31.0,7.0,508.5,134,23,46,19,72,31,41,32,78,110,15,18,25,10,2,38,43,179,103,16.4,4.32,0.74,1.48,0.5,0.61,2.32,0.264,1.0,1.32,0.756,1.03,2.52,3.55,0.48,0.58,0.81,0.32,0.06,1.23,1.39,5.77,3.32
E2023_P003196_BAR,E2023,P003196,"HERNANGOMEZ, WILLY",BAR,38.0,2.0,617.0,418,153,266,4,11,100,141,67,117,184,15,16,59,17,11,69,132,482,-63,16.24,11.0,4.03,7.0,0.575,0.11,0.29,0.364,2.63,3.71,0.709,1.76,3.08,4.84,0.39,0.42,1.55,0.45,0.29,1.82,3.47,12.68,-1.66
E2023_P003108_MAD,E2023,P003108,"HEZONJA, MARIO",MAD,38.0,17.0,885.7,514,96,184,84,195,70,76,20,154,174,33,37,41,4,8,65,63,506,132,23.31,13.53,2.53,4.84,0.522,2.21,5.13,0.431,1.84,2.0,0.921,0.53,4.05,4.58,0.87,0.97,1.08,0.11,0.21,1.71,1.66,13.32,3.47
E2023_P002812_MIL,E2023,P002812,"HINES, KYLE",MIL,34.0,2.0,419.4,113,43,77,0,1,27,40,35,42,77,28,13,29,12,10,71,35,120,-15,12.34,3.32,1.26,2.26,0.558,0.0,0.03,0.0,0.79,1.18,0.675,1.03,1.24,2.26,0.82,0.38,0.85,0.35,0.29,2.09,1.03,3.53,-0.44
E2023_P009513_IST,E2023,P009513,"HOLLATZ, JUSTUS",IST,24.0,11.0,249.8,54,17,31,5,22,5,6,9,20,29,30,10,6,1,0,28,7,65,8,10.41,2.25,0.71,1.29,0.548,0.21,0.92,0.227,0.21,0.25,0.833,0.38,0.83,1.21,1.25,0.42,0.25,0.04,0.0,1.17,0.29,2.71,0.33
E2023_P009917_ZAL,E2023,P009917,"HOLLINS, AUSTIN JAMES",ZAL,8.0,1.0,96.7,31,3,6,7,20,4,5,1,7,8,1,3,9,0,0,16,5,6,-56,12.08,3.88,0.38,0.75,0.5,0.88,2.5,0.35,0.5,0.62,0.8,0.12,0.88,1.0,0.12,0.38,1.12,0.0,0.0,2.0,0.62,0.75,-7.0
E2023_P011948_BAS,E2023,P011948,"HOWARD, MARKUS",BAS,39.0,18.0,898.4,759,106,219,148,370,103,123,11,35,46,62,18,74,1,25,105,103,430,4,23.04,19.46,2.72,5.62,0.484,3.79,9.49,0.4,2.64,3.15,0.837,0.28,0.9,1.18,1.59,0.46,1.9,0.03,0.64,2.69,2.64,11.03,0.1
E2023_P012365_BAS,E2023,P012365,"HRABAR, VIT",BAS,1.0,0.0,0.8,0,0,0,0,1,0,0,0,0,0,0,0,0,0,0,0,0,-1,-2,0.8,0.0,0.0,0.0,0.0,0.0,1.0,0.0,0.0,0.0,0.0,0.0,0.0,0.0,0.0,0.0,0.0,0.0,0.0,0.0,0.0,-1.0,-2.0
E2023_P003583_MUN,E2023,P003583,"IBAKA, SERGE",MUN,28.0,26.0,691.4,354,125,199,24,50,32,48,57,134,191,34,13,45,35,7,82,64,441,-56,24.69,12.64,4.46,7.11,0.628,0.86,1.79,0.48,1.14,1.71,0.667,2.04,4.79,6.82,1.21,0.46,1.61,1.25,0.25,2.93,2.29,15.75,-2.0
E2023_P011964_RED,E2023,P011964,"ILIC, DALIBOR",RED,15.0,4.0,132.4,30,10,15,3,7,1,4,9,17,26,6,3,3,1,2,18,7,38,-27,8.82,2.0,0.67,1.0,0.667,0.2,0.47,0.429,0.07,0.27,0.25,0.6,1.13,1.73,0.4,0.2,0.2,0.07,0.13,1.2,0.47,2.53,-1.8
E2023_P003960_PAM,E2023,P003960,"INGLIS, DAMIEN",PAM,32.0,23.0,656.8,261,98,182,7,25,44,62,41,109,150,55,22,45,5,11,79,70,308,-18,20.53,8.16,3.06,5.69,0.538,0.22,0.78,0.28,1.38,1.94,0.71,1.28,3.41,4.69,1.72,0.69,1.41,0.16,0.34,2.47,2.19,9.62,-0.56
E2023_P000229_ASV,E2023,P000229,"JACKSON, EDWIN",ASV,31.0,11.0,478.3,164,43,68,17,48,27,33,8,27,35,31,13,30,1,2,49,44,145,-69,15.43,5.29,1.39,2.19,0.632,0.55,1.55,0.354,0.87,1.06,0.818,0.26,0.87,1.13,1.0,0.42,0.97,0.03,0.06,1.58,1.42,4.68,-2.23
E2023_P012732_ASV,E2023,P012732,"JACKSON, FRANK",ASV,6.0,4.0,120.9,62,15,20,8,25,8,11,1,10,11,8,3,7,0,3,16,9,42,-54,20.15,10.33,2.5,3.33,0.75,1.33,4.17,0.32,1.33,1.83,0.727,0.17,1.67,1.83,1.33,0.5,1.17,0.0,0.5,2.67,1.5,7.0,-9.0
E2023_P002581_MCO,E2023,P002581,"JAITEH, MAM",MCO,25.0,7.0,205.5,83,37,63,0,0,9,20,26,29,55,6,6,9,3,4,28,19,94,-27,8.22,3.32,1.48,2.52,0.587,0.0,0.0,0.0,0.36,0.8,0.45,1.04,1.16,2.2,0.24,0.24,0.36,0.12,0.16,1.12,0.76,3.76,-1.08
E2023_P012197_BAR,E2023,P012197,"JAKUCIONIS, KASPARAS",BAR,1.0,0.0,1.6,2,1,1,0,0,0,0,0,1,1,0,0,1,0,0,1,0,1,0,1.57,2.0,1.0,1.0,1.0,0.0,0.0,0.0,0.0,0.0,0.0,0.0,1.0,1.0,0.0,0.0,1.0,0.0,0.0,1.0,0.0,1.0,0.0
E2023_P005985_MCO,E2023,P005985,"JAMES, MIKE",MCO,39.0,39.0,1235.2,700,145,310,87,234,149,193,19,140,159,198,46,81,2,20,72,182,758,99,31.67,17.95,3.72,7.95,0.468,2.23,6.0,0.372,3.82,4.95,0.772,0.49,3.59,4.08,5.08,1.18,2.08,0.05,0.51,1.85,4.67,19.44,2.54
E2023_P004058_PAR,E2023,P004058,"JARAMAZ, OGNJEN",PAR,22.0,6.0,281.1,71,20,37,8,38,7,15,8,21,29,33,10,12,1,2,45,28,58,4,12.78,3.23,0.91,1.68,0.541,0.36,1.73,0.211,0.32,0.68,0.467,0.36,0.95,1.32,1.5,0.45,0.55,0.05,0.09,2.05,1.27,2.64,0.18
E2023_P007519_BAR,E2023,P007519,"JOKUBAITIS, ROKAS",BAR,36.0,2.0,558.6,192,69,138,13,47,15,23,16,45,61,100,11,44,2,6,46,39,198,-10,15.52,5.33,1.92,3.83,0.5,0.36,1.31,0.277,0.42,0.64,0.652,0.44,1.25,1.69,2.78,0.31,1.22,0.06,0.17,1.28,1.08,5.5,-0.28
E2023_P010568_PAM,E2023,P010568,"JONES, CHRIS",PAM,33.0,32.0,851.2,418,105,220,51,112,55,68,6,64,70,139,41,57,1,17,46,78,438,-42,25.8,12.67,3.18,6.67,0.477,1.55,3.39,0.455,1.67,2.06,0.809,0.18,1.94,2.12,4.21,1.24,1.73,0.03,0.52,1.39,2.36,13.27,-1.27
E2023_P011981_IST,E2023,P011981,"JONES, TYRIQUE",IST,34.0,8.0,596.2,246,104,164,0,0,38,57,67,80,147,33,27,29,13,11,90,66,323,-20,17.54,7.24,3.06,4.82,0.634,0.0,0.0,0.0,1.12,1.68,0.667,1.97,2.35,4.32,0.97,0.79,0.85,0.38,0.32,2.65,1.94,9.5,-0.59
E2023_P004863_PAM,E2023,P004863,"JOVIC, STEFAN",PAM,27.0,4.0,458.0,133,43,66,10,33,17,28,9,43,52,77,25,31,1,4,45,39,190,103,16.96,4.93,1.59,2.44,0.652,0.37,1.22,0.303,0.63,1.04,0.607,0.33,1.59,1.93,2.85,0.93,1.15,0.04,0.15,1.67,1.44,7.04,3.81
E2023_PKIR_ASV,E2023,PKIR,"KAHUDI, CHARLES",ASV,29.0,5.0,501.6,113,33,77,10,41,17,22,19,64,83,24,4,13,0,9,45,40,117,21,17.3,3.9,1.14,2.66,0.429,0.34,1.41,0.244,0.59,0.76,0.773,0.66,2.21,2.86,0.83,0.14,0.45,0.0,0.31,1.55,1.38,4.03,0.72
E2023_P011209_PAN,E2023,P011209,"KALAITZAKIS, PANAGIOTIS",PAN,30.0,0.0,178.2,63,20,29,5,20,8,8,8,18,26,7,7,5,1,0,24,11,62,35,5.94,2.1,0.67,0.97,0.69,0.17,0.67,0.25,0.27,0.27,1.0,0.27,0.6,0.87,0.23,0.23,0.17,0.03,0.0,0.8,0.37,2.07,1.17
E2023_P004866_BAR,E2023,P004866,"KALINIC, NIKOLA",BAR,39.0,38.0,958.6,286,56,124,52,128,18,31,34,113,147,92,31,53,3,10,68,52,323,165,24.58,7.33,1.44,3.18,0.452,1.33,3.28,0.406,0.46,0.79,0.581,0.87,2.9,3.77,2.36,0.79,1.36,0.08,0.26,1.74,1.33,8.28,4.23
E2023_P011926_MIL,E2023,P011926,"KAMAGATE, ISMAEL",MIL,9.0,1.0,23.6,10,5,9,0,0,0,2,0,2,2,1,0,2,0,0,4,5,6,-13,2.63,1.11,0.56,1.0,0.556,0.0,0.0,0.0,0.0,0.22,0.0,0.0,0.22,0.22,0.11,0.0,0.22,0.0,0.0,0.44,0.56,0.67,-1.44
E2023_P012743_PAR,E2023,P012743,"KAMINSKY, FRANK",PAR,30.0,17.0,516.4,267,77,122,26,64,35,53,33,69,102,48,12,21,7,6,74,50,284,43,17.21,8.9,2.57,4.07,0.631,0.87,2.13,0.406,1.17,1.77,0.66,1.1,2.3,3.4,1.6,0.4,0.7,0.23,0.2,2.47,1.67,9.47,1.43
E2023_P012123_MUN,E2023,P012123,"KHARCHENKOV, IVAN",MUN,4.0,0.0,35.1,8,2,5,1,8,1,2,2,2,4,3,1,1,0,2,5,4,1,12,8.77,2.0,0.5,1.25,0.4,0.25,2.0,0.125,0.25,0.5,0.5,0.5,0.5,1.0,0.75,0.25,0.25,0.0,0.5,1.25,1.0,0.25,3.0
E2023_P011050_PAR,E2023,P011050,"KOPRIVICA, BALSA",PAR,14.0,2.0,115.7,46,20,24,0,0,6,6,9,15,24,4,3,9,8,0,25,7,54,-9,8.26,3.29,1.43,1.71,0.833,0.0,0.0,0.0,0.43,0.43,1.0,0.64,1.07,1.71,0.29,0.21,0.64,0.57,0.0,1.79,0.5,3.86,-0.64
E2023_P004603_BAS,E2023,P004603,"KOTSAR, MAIK",BAS,39.0,29.0,705.4,220,87,168,0,0,46,67,56,74,130,48,26,29,12,19,61,81,306,-48,18.09,5.64,2.23,4.31,0.518,0.0,0.0,0.0,1.18,1.72,0.687,1.44,1.9,3.33,1.23,0.67,0.74,0.31,0.49,1.56,2.08,7.85,-1.23
E2023_P010791_BER,E2023,P010791,"KOUMADJE, KHALIFA",BER,28.0,11.0,464.4,158,64,102,0,0,30,44,59,92,151,7,11,25,24,8,58,44,252,-82,16.59,5.64,2.29,3.64,0.627,0.0,0.0,0.0,1.07,1.57,0.682,2.11,3.29,5.39,0.25,0.39,0.89,0.86,0.29,2.07,1.57,9.0,-2.93
E2023_P003479_RED,E2023,P003479,"KUZMIC, OGNJEN",RED,3.0,1.0,20.5,0,0,4,0,0,0,0,6,1,7,5,0,1,1,1,1,0,6,8,6.84,0.0,0.0,1.33,0.0,0.0,0.0,0.0,0.0,0.0,0.0,2.0,0.33,2.33,1.67,0.0,0.33,0.33,0.33,0.33,0.0,2.0,2.67
E2023_P006435_BAR,E2023,P006435,"LAPROVITTOLA, NICOLAS",BAR,33.0,26.0,749.6,405,62,111,76,196,53,68,19,48,67,157,15,75,0,10,74,91,392,108,22.72,12.27,1.88,3.36,0.559,2.3,5.94,0.388,1.61,2.06,0.779,0.58,1.45,2.03,4.76,0.45,2.27,0.0,0.3,2.24,2.76,11.88,3.27
E2023_P010392_OLY,E2023,P010392,"LARENTZAKIS, GIANNOULIS",OLY,37.0,0.0,485.1,190,23,61,34,106,42,52,7,30,37,54,21,36,2,3,64,60,141,51,13.11,5.14,0.62,1.65,0.377,0.92,2.86,0.321,1.14,1.41,0.808,0.19,0.81,1.0,1.46,0.57,0.97,0.05,0.08,1.73,1.62,3.81,1.38
E2023_P007200_IST,E2023,P007200,"LARKIN, SHANE",IST,35.0,33.0,1107.6,587,97,177,88,225,129,142,6,93,99,177,40,68,2,9,49,149,698,-38,31.65,16.77,2.77,5.06,0.548,2.51,6.43,0.391,3.69,4.06,0.908,0.17,2.66,2.83,5.06,1.14,1.94,0.06,0.26,1.4,4.26,19.94,-1.09
E2023_P004194_ASV,E2023,P004194,"LAUVERGNE, JOFFREY",ASV,31.0,21.0,764.6,390,140,256,19,53,53,73,52,108,160,55,13,59,7,24,61,91,402,-122,24.66,12.58,4.52,8.26,0.547,0.61,1.71,0.358,1.71,2.35,0.726,1.68,3.48,5.16,1.77,0.42,1.9,0.23,0.77,1.97,2.94,12.97,-3.94
E2023_P006860_ZAL,E2023,P006860,"LAVRINOVICIUS, DANIELIUS",ZAL,19.0,2.0,120.4,26,5,8,4,14,4,6,11,19,30,3,2,5,1,1,17,7,31,-2,6.34,1.37,0.26,0.42,0.625,0.21,0.74,0.286,0.21,0.32,0.667,0.58,1.0,1.58,0.16,0.11,0.26,0.05,0.05,0.89,0.37,1.63,-0.11
E2023_P004720_RED,E2023,P004720,"LAZAREVIC, STEFAN",RED,19.0,2.0,132.0,22,7,12,2,6,2,2,4,14,18,3,3,4,0,2,26,5,10,10,6.95,1.16,0.37,0.63,0.583,0.11,0.32,0.333,0.11,0.11,1.0,0.21,0.74,0.95,0.16,0.16,0.21,0.0,0.11,1.37,0.26,0.53,0.53
E2023_PLUO_RED,E2023,PLUO,"LAZIC, BRANKO",RED,22.0,16.0,303.2,60,8,21,11,38,11,12,14,18,32,8,8,7,1,0,57,19,23,-17,13.78,2.73,0.36,0.95,0.381,0.5,1.73,0.289,0.5,0.55,0.917,0.64,0.82,1.45,0.36,0.36,0.32,0.05,0.0,2.59,0.86,1.05,-0.77
E2023_P008987_PAR,E2023,P008987,"LEDAY, ZACH",PAR,29.0,22.0,871.8,296,76,150,21,58,81,92,36,96,132,44,22,36,3,7,55,103,380,-31,30.06,10.21,2.62,5.17,0.507,0.72,2.0,0.362,2.79,3.17,0.88,1.24,3.31,4.55,1.52,0.76,1.24,0.1,0.24,1.9,3.55,13.1,-1.07
E2023_P011225_ASV,E2023,P011225,"LEE, PARIS",ASV,33.0,32.0,923.5,378,62,138,56,159,86,93,8,54,62,182,55,69,0,12,60,103,453,-106,27.98,11.45,1.88,4.18,0.449,1.7,4.82,0.352,2.61,2.82,0.925,0.24,1.64,1.88,5.52,1.67,2.09,0.0,0.36,1.82,3.12,13.73,-3.21
E2023_P003210_ZAL,E2023,P003210,"LEKAVICIUS, LUKAS",ZAL,30.0,1.0,363.7,147,30,84,21,53,24,28,4,19,23,49,8,24,0,4,32,33,110,-74,12.12,4.9,1.0,2.8,0.357,0.7,1.77,0.396,0.8,0.93,0.857,0.13,0.63,0.77,1.63,0.27,0.8,0.0,0.13,1.07,1.1,3.67,-2.47
E2023_P003842_PAN,E2023,P003842,"LESSORT, MATHIAS",PAN,41.0,29.0,1216.3,570,204,325,0,1,162,267,96,163,259,57,41,75,37,20,108,274,808,177,29.67,13.9,4.98,7.93,0.628,0.0,0.02,0.0,3.95,6.51,0.607,2.34,3.98,6.32,1.39,1.0,1.83,0.9,0.49,2.63,6.68,19.71,4.32
E2023_P003526_ASV,E2023,P003526,"LIGHTY, DAVID",ASV,29.0,25.0,479.4,96,20,50,15,43,11,15,8,34,42,29,18,15,1,2,54,24,77,-133,16.53,3.31,0.69,1.72,0.4,0.52,1.48,0.349,0.38,0.52,0.733,0.28,1.17,1.45,1.0,0.62,0.52,0.03,0.07,1.86,0.83,2.66,-4.59
E2023_PTGB_MAD,E2023,PTGB,"LLULL, SERGIO",MAD,33.0,2.0,595.9,260,36,84,52,153,32,44,2,37,39,65,10,35,1,1,51,43,170,63,18.06,7.88,1.09,2.55,0.429,1.58,4.64,0.34,0.97,1.33,0.727,0.06,1.12,1.18,1.97,0.3,1.06,0.03,0.03,1.55,1.3,5.15,1.91
E2023_P007032_MIL,E2023,P007032,"LO, MAODO",MIL,21.0,10.0,405.9,159,28,55,29,72,16,21,4,32,36,56,10,26,0,4,32,40,164,-17,19.33,7.57,1.33,2.62,0.509,1.38,3.43,0.403,0.76,1.0,0.762,0.19,1.52,1.71,2.67,0.48,1.24,0.0,0.19,1.52,1.9,7.81,-0.81
E2023_P005553_VIR,E2023,P005553,"LOMAZS, RIHARDS",VIR,8.0,0.0,62.6,26,5,9,4,8,4,5,0,4,4,2,0,4,0,0,9,9,19,-26,7.82,3.25,0.62,1.12,0.556,0.5,1.0,0.5,0.5,0.62,0.8,0.0,0.5,0.5,0.25,0.0,0.5,0.0,0.0,1.12,1.12,2.38,-3.25
E2023_P005356_PAM,E2023,P005356,"LOPEZ-AROSTEGUI, XABI",PAM,25.0,6.0,410.4,127,34,58,13,52,20,24,22,59,81,23,11,22,0,4,36,42,155,-124,16.42,5.08,1.36,2.32,0.586,0.52,2.08,0.25,0.8,0.96,0.833,0.88,2.36,3.24,0.92,0.44,0.88,0.0,0.16,1.44,1.68,6.2,-4.96
E2023_P006302_OLY,E2023,P006302,"LOUNTZIS, MICHALIS",OLY,14.0,1.0,116.2,21,5,12,2,17,5,8,0,9,9,6,4,5,1,3,13,8,3,-22,8.3,1.5,0.36,0.86,0.417,0.14,1.21,0.118,0.36,0.57,0.625,0.0,0.64,0.64,0.43,0.29,0.36,0.07,0.21,0.93,0.57,0.21,-1.57
E2023_P009754_MCO,E2023,P009754,"LOYD, JORDAN",MCO,20.0,12.0,450.1,209,38,88,29,83,46,51,9,45,54,40,16,21,1,8,65,60,177,25,22.51,10.45,1.9,4.4,0.432,1.45,4.15,0.349,2.3,2.55,0.902,0.45,2.25,2.7,2.0,0.8,1.05,0.05,0.4,3.25,3.0,8.85,1.25
E2023_P001288_MUN,E2023,P001288,"LUCIC, VLADIMIR",MUN,20.0,13.0,502.9,152,23,43,23,50,37,40,9,45,54,35,9,23,5,1,29,52,204,-22,25.15,7.6,1.15,2.15,0.535,1.15,2.5,0.46,1.85,2.0,0.925,0.45,2.25,2.7,1.75,0.45,1.15,0.25,0.05,1.45,2.6,10.2,-1.1
E2023_P006158_ZAL,E2023,P006158,"LUKOSIUNAS, KAROLIS",ZAL,1.0,0.0,11.7,6,0,0,2,6,0,0,0,0,0,0,0,0,0,0,4,0,-2,0,11.68,6.0,0.0,0.0,0.0,2.0,6.0,0.333,0.0,0.0,0.0,0.0,0.0,0.0,0.0,0.0,0.0,0.0,0.0,4.0,0.0,-2.0,0.0
E2023_P010781_VIR,E2023,P010781,"LUNDBERG, IFFE",VIR,35.0,1.0,675.3,330,79,145,43,128,43,59,13,60,73,70,21,44,1,7,50,70,297,-70,19.29,9.43,2.26,4.14,0.545,1.23,3.66,0.336,1.23,1.69,0.729,0.37,1.71,2.09,2.0,0.6,1.26,0.03,0.2,1.43,2.0,8.49,-2.0
E2023_P012080_ASV,E2023,P012080,"LUWAWU-CABARROT, TIMOTHE",ASV,28.0,20.0,787.8,364,93,181,35,93,73,88,13,81,94,65,31,65,2,13,86,80,311,-184,28.14,13.0,3.32,6.46,0.514,1.25,3.32,0.376,2.61,3.14,0.83,0.46,2.89,3.36,2.32,1.11,2.32,0.07,0.46,3.07,2.86,11.11,-6.57
E2023_P011052_ULK,E2023,P011052,"MADAR, YAM",ULK,30.0,4.0,405.6,128,30,54,13,40,29,35,10,25,35,61,17,28,3,4,49,38,144,-19,13.52,4.27,1.0,1.8,0.556,0.43,1.33,0.325,0.97,1.17,0.829,0.33,0.83,1.17,2.03,0.57,0.93,0.1,0.13,1.63,1.27,4.8,-0.63
E2023_P002969_ULK,E2023,P002969,"MAHMUTOGLU, MELIH",ULK,9.0,0.0,40.9,14,1,3,4,12,0,0,0,1,1,1,1,0,0,0,1,0,6,-22,4.54,1.56,0.11,0.33,0.333,0.44,1.33,0.333,0.0,0.0,0.0,0.0,0.11,0.11,0.11,0.11,0.0,0.0,0.0,0.11,0.0,0.67,-2.44
E2023_P012715_ZAL,E2023,P012715,"MANEK, BRADY",ZAL,28.0,6.0,527.7,211,26,56,48,118,15,19,14,82,96,17,16,24,2,5,45,29,193,11,18.85,7.54,0.93,2.0,0.464,1.71,4.21,0.407,0.54,0.68,0.789,0.5,2.93,3.43,0.61,0.57,0.86,0.07,0.18,1.61,1.04,6.89,0.39
E2023_P011064_BAS,E2023,P011064,"MANNION, NICCOLO",BAS,8.0,0.0,110.4,48,10,24,7,20,7,10,3,7,10,18,1,10,0,1,12,10,34,-23,13.8,6.0,1.25,3.0,0.417,0.88,2.5,0.35,0.88,1.25,0.7,0.38,0.88,1.25,2.25,0.12,1.25,0.0,0.12,1.5,1.25,4.25,-2.88
E2023_P008084_PAN,E2023,P008084,"MANTZOUKAS, ELEFTHERIOS",PAN,14.0,0.0,102.0,27,1,4,8,12,1,3,4,10,14,1,1,2,0,1,11,2,22,12,7.29,1.93,0.07,0.29,0.25,0.57,0.86,0.667,0.07,0.21,0.333,0.29,0.71,1.0,0.07,0.07,0.14,0.0,0.07,0.79,0.14,1.57,0.86
E2023_P010754_PAM,E2023,P010754,"MARI, LUCAS",PAM,1.0,0.0,2.4,0,0,0,0,0,0,0,1,0,1,1,1,0,0,0,2,1,2,4,2.43,0.0,0.0,0.0,0.0,0.0,0.0,0.0,0.0,0.0,0.0,1.0,0.0,1.0,1.0,1.0,0.0,0.0,0.0,2.0,1.0,2.0,4.0
E2023_P004761_BAS,E2023,P004761,"MARINKOVIC, VANJA",BAS,37.0,28.0,955.6,406,57,112,78,203,58,72,24,67,91,57,12,36,1,12,79,75,321,-60,25.83,10.97,1.54,3.03,0.509,2.11,5.49,0.384,1.57,1.95,0.806,0.65,1.81,2.46,1.54,0.32,0.97,0.03,0.32,2.14,2.03,8.68,-1.62
E2023_P012713_VIR,E2023,P012713,"MASCOLO, BRUNO",VIR,2.0,0.0,9.8,2,1,4,0,0,0,0,1,0,1,0,0,0,0,0,2,1,-1,6,4.88,1.0,0.5,2.0,0.25,0.0,0.0,0.0,0.0,0.0,0.0,0.5,0.0,0.5,0.0,0.0,0.0,0.0,0.0,1.0,0.5,-0.5,3.0
E2023_P007025_BER,E2023,P007025,"MATTISSECK, JONAS",BER,26.0,2.0,316.0,86,5,15,23,53,7,7,2,14,16,14,9,7,0,0,46,32,64,-137,12.15,3.31,0.19,0.58,0.333,0.88,2.04,0.434,0.27,0.27,1.0,0.08,0.54,0.62,0.54,0.35,0.27,0.0,0.0,1.77,1.23,2.46,-5.27
E2023_P011433_TEL,E2023,P011433,"MAYER, OMER",TEL,5.0,0.0,15.3,3,0,0,1,5,0,0,0,1,1,2,0,1,0,0,1,0,0,0,3.06,0.6,0.0,0.0,0.0,0.2,1.0,0.2,0.0,0.0,0.0,0.0,0.2,0.2,0.4,0.0,0.2,0.0,0.0,0.2,0.0,0.0,0.0
E2023_P012800_MIL,E2023,P012800,"MCGRUDER, RODNEY",MIL,7.0,2.0,126.9,53,14,25,6,20,7,11,7,11,18,6,4,2,0,2,12,8,44,14,18.13,7.57,2.0,3.57,0.56,0.86,2.86,0.3,1.0,1.57,0.636,1.0,1.57,2.57,0.86,0.57,0.29,0.0,0.29,1.71,1.14,6.29,2.0
E2023_P007853_OLY,E2023,P007853,"MCKISSIC, SHAQUIELLE",OLY,32.0,0.0,522.9,233,51,87,28,81,47,66,15,35,50,33,32,32,0,7,43,60,218,73,16.34,7.28,1.59,2.72,0.586,0.88,2.53,0.346,1.47,2.06,0.712,0.47,1.09,1.56,1.03,1.0,1.0,0.0,0.22,1.34,1.88,6.81,2.28
E2023_P002849_MIL,E2023,P002849,"MELLI, NICOLO",MIL,34.0,34.0,830.6,249,66,125,29,75,30,52,28,107,135,68,32,34,20,2,101,86,326,47,24.43,7.32,1.94,3.68,0.528,0.85,2.21,0.387,0.88,1.53,0.577,0.82,3.15,3.97,2.0,0.94,1.0,0.59,0.06,2.97,2.53,9.59,1.38
E2023_P008296_VIR,E2023,P008296,"MENALO, LEO",VIR,0.0,0.0,0.0,0,0,0,0,0,0,0,0,0,0,0,0,0,0,0,0,0,0,0,0.0,0.0,0.0,0.0,0.0,0.0,0.0,0.0,0.0,0.0,0.0,0.0,0.0,0.0,0.0,0.0,0.0,0.0,0.0,0.0,0.0,0.0,0.0
E2023_P004233_TEL,E2023,P004233,"MENCO, RAFI",TEL,20.0,0.0,165.3,53,9,21,11,26,2,4,7,20,27,6,4,9,2,2,24,5,33,39,8.26,2.65,0.45,1.05,0.429,0.55,1.3,0.423,0.1,0.2,0.5,0.35,1.0,1.35,0.3,0.2,0.45,0.1,0.1,1.2,0.25,1.65,1.95
E2023_P012724_ULK,E2023,P012724,"MESTOGLU, HAMZA",ULK,1.0,0.0,2.4,0,0,0,0,0,0,0,0,0,0,0,0,0,0,0,0,0,0,-6,2.42,0.0,0.0,0.0,0.0,0.0,0.0,0.0,0.0,0.0,0.0,0.0,0.0,0.0,0.0,0.0,0.0,0.0,0.0,0.0,0.0,0.0,-6.0
E2023_P011520_MIL,E2023,P011520,"MICCOLI, SAMUELE",MIL,0.0,0.0,0.0,0,0,0,0,0,0,0,0,0,0,0,0,0,0,0,0,0,0,0,0.0,0.0,0.0,0.0,0.0,0.0,0.0,0.0,0.0,0.0,0.0,0.0,0.0,0.0,0.0,0.0,0.0,0.0,0.0,0.0,0.0,0.0,0.0
E2023_P008847_VIR,E2023,P008847,"MICKEY, JORDAN",VIR,26.0,4.0,472.9,212,67,133,17,41,27,40,40,63,103,15,11,35,17,7,50,37,200,-30,18.19,8.15,2.58,5.12,0.504,0.65,1.58,0.415,1.04,1.54,0.675,1.54,2.42,3.96,0.58,0.42,1.35,0.65,0.27,1.92,1.42,7.69,-1.15
E2023_P009048_BAS,E2023,P009048,"MILLER-MCINTYRE, CODI",BAS,39.0,36.0,1150.9,373,116,213,27,93,60,86,23,147,170,284,37,100,3,22,84,110,582,-48,29.51,9.56,2.97,5.46,0.545,0.69,2.38,0.29,1.54,2.21,0.698,0.59,3.77,4.36,7.28,0.95,2.56,0.08,0.56,2.15,2.82,14.92,-1.23
E2023_P003941_OLY,E2023,P003941,"MILUTINOV, NIKOLA",OLY,27.0,4.0,488.8,210,75,123,0,0,60,73,68,83,151,24,7,26,16,3,24,93,387,72,18.11,7.78,2.78,4.56,0.61,0.0,0.0,0.0,2.22,2.7,0.822,2.52,3.07,5.59,0.89,0.26,0.96,0.59,0.11,0.89,3.44,14.33,2.67
E2023_P000796_MIL,E2023,P000796,"MIROTIC, NIKOLA",MIL,21.0,17.0,557.0,355,67,105,46,110,83,98,38,81,119,19,16,36,7,6,46,85,396,51,26.52,16.9,3.19,5.0,0.638,2.19,5.24,0.418,3.95,4.67,0.847,1.81,3.86,5.67,0.9,0.76,1.71,0.33,0.29,2.19,4.05,18.86,2.43
E2023_P007866_PAN,E2023,P007866,"MITOGLOU, KONSTANTINOS",PAN,38.0,35.0,1068.1,428,122,221,38,110,70,94,67,168,235,34,31,39,15,9,70,81,511,56,28.11,11.26,3.21,5.82,0.552,1.0,2.89,0.345,1.84,2.47,0.745,1.76,4.42,6.18,0.89,0.82,1.03,0.39,0.24,1.84,2.13,13.45,1.47
E2023_P011965_ZAL,E2023,P011965,"MITROU-LONG, NAZ",ZAL,9.0,0.0,92.2,37,9,19,6,21,1,1,2,9,11,9,2,9,0,3,10,4,16,-42,10.24,4.11,1.0,2.11,0.474,0.67,2.33,0.286,0.11,0.11,1.0,0.22,1.0,1.22,1.0,0.22,1.0,0.0,0.33,1.11,0.44,1.78,-4.67
E2023_P011965_OLY,E2023,P011965,"MITROU-LONG, NAZ",OLY,9.0,0.0,73.6,16,4,10,2,14,2,4,0,2,2,10,3,5,0,2,9,6,1,-5,8.18,1.78,0.44,1.11,0.4,0.22,1.56,0.143,0.22,0.44,0.5,0.0,0.22,0.22,1.11,0.33,0.56,0.0,0.22,1.0,0.67,0.11,-0.56
E2023_P002553_RED,E2023,P002553,"MITROVIC, LUKA",RED,31.0,19.0,609.0,292,114,191,1,3,61,89,65,88,153,53,20,37,8,14,78,91,381,-12,19.64,9.42,3.68,6.16,0.597,0.03,0.1,0.333,1.97,2.87,0.685,2.1,2.84,4.94,1.71,0.65,1.19,0.26,0.45,2.52,2.94,12.29,-0.39
E2023_P012201_BAS,E2023,P012201,"MONEKE, CHIMA",BAS,34.0,7.0,841.0,461,124,205,30,85,123,161,70,153,223,46,39,67,18,17,55,149,623,76,24.73,13.56,3.65,6.03,0.605,0.88,2.5,0.353,3.62,4.74,0.764,2.06,4.5,6.56,1.35,1.15,1.97,0.53,0.5,1.62,4.38,18.32,2.24
E2023_P012784_ZAL,E2023,P012784,"MONTVILA, NEDAS",ZAL,4.0,0.0,3.4,3,0,0,1,1,0,0,0,0,0,0,0,0,0,0,0,0,3,1,0.84,0.75,0.0,0.0,0.0,0.25,0.25,1.0,0.0,0.0,0.0,0.0,0.0,0.0,0.0,0.0,0.0,0.0,0.0,0.0,0.0,0.75,0.25
E2023_P006544_PAN,E2023,P006544,"MORAITIS, DIMITRIS",PAN,7.0,0.0,17.0,11,1,4,3,4,0,0,0,2,2,5,2,2,0,1,1,0,12,32,2.43,1.57,0.14,0.57,0.25,0.43,0.57,0.75,0.0,0.0,0.0,0.0,0.29,0.29,0.71,0.29,0.29,0.0,0.14,0.14,0.0,1.71,4.57
E2023_PLCZ_MCO,E2023,PLCZ,"MOTIEJUNAS, DONATAS",MCO,39.0,32.0,692.6,343,109,179,23,61,56,77,36,97,133,37,17,44,9,5,74,106,393,84,17.76,8.79,2.79,4.59,0.609,0.59,1.56,0.377,1.44,1.97,0.727,0.92,2.49,3.41,0.95,0.44,1.13,0.23,0.13,1.9,2.72,10.08,2.15
E2023_P011157_ULK,E2023,P011157,"MOTLEY, JOHNATHAN",ULK,36.0,19.0,674.0,402,152,232,1,4,95,134,70,81,151,40,7,72,8,8,114,147,439,94,18.72,11.17,4.22,6.44,0.655,0.03,0.11,0.25,2.64,3.72,0.709,1.94,2.25,4.19,1.11,0.19,2.0,0.22,0.22,3.17,4.08,12.19,2.61
E2023_P006540_MAD,E2023,P006540,"MUSA, DZANAN",MAD,38.0,29.0,798.6,512,111,182,59,143,113,138,25,79,104,84,10,44,9,14,45,114,550,176,21.02,13.47,2.92,4.79,0.61,1.55,3.76,0.413,2.97,3.63,0.819,0.66,2.08,2.74,2.21,0.26,1.16,0.24,0.37,1.18,3.0,14.47,4.63
E2023_P011224_RED,E2023,P011224,"NAPIER, SHABAZZ",RED,12.0,7.0,212.8,117,22,50,18,59,19,23,5,15,20,28,16,22,0,5,16,28,93,-26,17.73,9.75,1.83,4.17,0.44,1.5,4.92,0.305,1.58,1.92,0.826,0.42,1.25,1.67,2.33,1.33,1.83,0.0,0.42,1.33,2.33,7.75,-2.17
E2023_P011224_MIL,E2023,P011224,"NAPIER, SHABAZZ",MIL,16.0,16.0,433.0,175,27,56,25,88,46,54,8,32,40,65,17,42,0,2,29,59,183,19,27.06,10.94,1.69,3.5,0.482,1.56,5.5,0.284,2.88,3.38,0.852,0.5,2.0,2.5,4.06,1.06,2.62,0.0,0.12,1.81,3.69,11.44,1.19
E2023_P009213_MAD,E2023,P009213,"NDIAYE, ELI",MAD,23.0,13.0,256.8,66,17,30,8,25,8,12,21,32,53,12,9,10,5,3,38,16,76,11,11.16,2.87,0.74,1.3,0.567,0.35,1.09,0.32,0.35,0.52,0.667,0.91,1.39,2.3,0.52,0.39,0.43,0.22,0.13,1.65,0.7,3.3,0.48
E2023_P012731_ASV,E2023,P012731,"NDIAYE, MBAYE",ASV,22.0,1.0,348.4,79,33,58,2,11,7,13,27,59,86,22,12,17,20,1,37,15,139,-5,15.84,3.59,1.5,2.64,0.569,0.09,0.5,0.182,0.32,0.59,0.538,1.23,2.68,3.91,1.0,0.55,0.77,0.91,0.05,1.68,0.68,6.32,-0.23
E2023_P011199_TEL,E2023,P011199,"NEBO, JOSH",TEL,39.0,39.0,923.4,435,170,254,0,1,95,133,120,156,276,24,23,36,34,12,70,99,650,50,23.68,11.15,4.36,6.51,0.669,0.0,0.03,0.0,2.44,3.41,0.714,3.08,4.0,7.08,0.62,0.59,0.92,0.87,0.31,1.79,2.54,16.67,1.28
E2023_P000848_RED,E2023,P000848,"NEDOVIC, NEMANJA",RED,30.0,15.0,654.8,428,94,172,58,142,66,76,6,50,56,79,16,51,4,11,56,95,388,-53,21.83,14.27,3.13,5.73,0.547,1.93,4.73,0.408,2.2,2.53,0.868,0.2,1.67,1.87,2.63,0.53,1.7,0.13,0.37,1.87,3.17,12.93,-1.77
E2023_P006819_BER,E2023,P006819,"NIKIC, KRESIMIR",BER,17.0,5.0,104.3,25,10,23,0,0,5,6,4,8,12,6,3,6,2,2,14,8,20,-22,6.13,1.47,0.59,1.35,0.435,0.0,0.0,0.0,0.29,0.35,0.833,0.24,0.47,0.71,0.35,0.18,0.35,0.12,0.12,0.82,0.47,1.18,-1.29
E2023_P010641_BAR,E2023,P010641,"NNAJI, JAMES",BAR,19.0,0.0,107.5,49,18,25,0,0,13,31,11,16,27,3,3,5,5,0,17,18,58,-32,5.66,2.58,0.95,1.32,0.72,0.0,0.0,0.0,0.68,1.63,0.419,0.58,0.84,1.42,0.16,0.16,0.26,0.26,0.0,0.89,0.95,3.05,-1.68
E2023_P006068_ULK,E2023,P006068,"NOUA, AMINE",ULK,12.0,7.0,177.6,50,14,21,6,16,4,5,14,20,34,6,2,2,9,1,25,9,64,43,14.8,4.17,1.17,1.75,0.667,0.5,1.33,0.375,0.33,0.42,0.8,1.17,1.67,2.83,0.5,0.17,0.17,0.75,0.08,2.08,0.75,5.33,3.58
E2023_P007400_PAR,E2023,P007400,"NUNNALLY, JAMES WILLIAM",PAR,32.0,13.0,888.2,394,96,165,45,104,67,77,25,76,101,81,19,50,3,6,56,67,415,-22,27.76,12.31,3.0,5.16,0.582,1.41,3.25,0.433,2.09,2.41,0.87,0.78,2.38,3.16,2.53,0.59,1.56,0.09,0.19,1.75,2.09,12.97,-0.69
E2023_P012774_PAN,E2023,P012774,"NUNN, KENDRICK",PAN,35.0,27.0,958.8,558,139,298,70,171,70,73,13,80,93,106,30,108,5,28,77,93,409,99,27.39,15.94,3.97,8.51,0.466,2.0,4.89,0.409,2.0,2.09,0.959,0.37,2.29,2.66,3.03,0.86,3.09,0.14,0.8,2.2,2.66,11.69,2.83
E2023_P004508_MUN,E2023,P004508,"OBST, ANDREAS",MUN,22.0,3.0,410.8,166,7,16,47,115,11,14,5,28,33,15,4,10,0,2,25,19,120,-32,18.68,7.55,0.32,0.73,0.438,2.14,5.23,0.409,0.5,0.64,0.786,0.23,1.27,1.5,0.68,0.18,0.45,0.0,0.09,1.14,0.86,5.45,-1.45
E2023_P011982_PAM,E2023,P011982,"OJELEYE, SEMI",PAM,27.0,12.0,599.0,360,67,132,40,85,106,122,38,82,120,11,21,41,6,12,47,92,384,22,22.18,13.33,2.48,4.89,0.508,1.48,3.15,0.471,3.93,4.52,0.869,1.41,3.04,4.44,0.41,0.78,1.52,0.22,0.44,1.74,3.41,14.22,0.81
E2023_P011212_MCO,E2023,P011212,"OKOBO, ELIE",MCO,37.0,3.0,918.8,407,94,191,41,136,96,116,10,85,95,116,25,66,1,12,77,102,379,119,24.83,11.0,2.54,5.16,0.492,1.11,3.68,0.301,2.59,3.14,0.828,0.27,2.3,2.57,3.14,0.68,1.78,0.03,0.32,2.08,2.76,10.24,3.22
E2023_P006919_BER,E2023,P006919,"OLINDE, LOUIS",BER,17.0,13.0,375.1,151,33,51,22,53,19,23,18,38,56,24,18,14,7,5,32,33,185,-52,22.07,8.88,1.94,3.0,0.647,1.29,3.12,0.415,1.12,1.35,0.826,1.06,2.24,3.29,1.41,1.06,0.82,0.41,0.29,1.88,1.94,10.88,-3.06
E2023_P010400_IST,E2023,P010400,"ONCEL, RIDVAN",IST,2.0,0.0,10.2,1,0,0,0,0,1,2,0,0,0,1,1,0,0,0,3,1,0,6,5.09,0.5,0.0,0.0,0.0,0.0,0.0,0.0,0.5,1.0,0.5,0.0,0.0,0.0,0.5,0.5,0.0,0.0,0.0,1.5,0.5,0.0,3.0
E2023_P012710_IST,E2023,P012710,"OSMANI, ERCAN",IST,23.0,16.0,308.6,101,26,51,13,38,10,10,17,43,60,14,14,12,2,5,39,16,101,24,13.42,4.39,1.13,2.22,0.51,0.57,1.65,0.342,0.43,0.43,1.0,0.74,1.87,2.61,0.61,0.61,0.52,0.09,0.22,1.7,0.7,4.39,1.04
E2023_P012788_IST,E2023,P012788,"OTURU, DAN",IST,22.0,3.0,340.3,158,67,98,0,0,24,41,37,48,85,12,7,18,20,7,53,38,194,44,15.47,7.18,3.05,4.45,0.684,0.0,0.0,0.0,1.09,1.86,0.585,1.68,2.18,3.86,0.55,0.32,0.82,0.91,0.32,2.41,1.73,8.82,2.0
E2023_P004197_MCO,E2023,P004197,"OUATTARA, YAKUBA",MCO,26.0,20.0,309.3,110,18,32,23,48,5,7,15,23,38,3,4,6,1,3,27,7,86,8,11.9,4.23,0.69,1.23,0.562,0.88,1.85,0.479,0.19,0.27,0.714,0.58,0.88,1.46,0.12,0.15,0.23,0.04,0.12,1.04,0.27,3.31,0.31
E2023_P006739_VIR,E2023,P006739,"PAJOLA, ALESSANDRO",VIR,34.0,8.0,579.6,131,16,35,25,71,24,33,15,47,62,103,26,37,4,3,91,46,167,21,17.05,3.85,0.47,1.03,0.457,0.74,2.09,0.352,0.71,0.97,0.727,0.44,1.38,1.82,3.03,0.76,1.09,0.12,0.09,2.68,1.35,4.91,0.62
E2023_P006433_MIL,E2023,P006433,"PANGOS, KEVIN",MIL,5.0,3.0,122.8,36,7,15,6,20,4,4,2,7,9,15,2,12,0,0,12,14,30,-8,24.56,7.2,1.4,3.0,0.467,1.2,4.0,0.3,0.8,0.8,1.0,0.4,1.4,1.8,3.0,0.4,2.4,0.0,0.0,2.4,2.8,6.0,-1.6
E2023_P006433_PAM,E2023,P006433,"PANGOS, KEVIN",PAM,12.0,4.0,162.8,23,3,11,4,20,5,5,1,8,9,28,4,9,0,1,23,16,23,-41,13.57,1.92,0.25,0.92,0.273,0.33,1.67,0.2,0.42,0.42,1.0,0.08,0.67,0.75,2.33,0.33,0.75,0.0,0.08,1.92,1.33,1.92,-3.42
E2023_P005844_ULK,E2023,P005844,"PAPAGIANNIS, GEORGIOS",ULK,38.0,11.0,606.1,216,72,108,20,41,12,18,39,77,116,31,12,27,31,1,66,24,273,8,15.95,5.68,1.89,2.84,0.667,0.53,1.08,0.488,0.32,0.47,0.667,1.03,2.03,3.05,0.82,0.32,0.71,0.82,0.03,1.74,0.63,7.18,0.21
E2023_P001255_OLY,E2023,P001255,"PAPANIKOLAOU, KOSTAS",OLY,38.0,33.0,953.2,281,49,89,51,141,30,46,29,109,138,103,31,44,5,6,63,55,354,98,25.08,7.39,1.29,2.34,0.551,1.34,3.71,0.362,0.79,1.21,0.652,0.76,2.87,3.63,2.71,0.82,1.16,0.13,0.16,1.66,1.45,9.32,2.58
E2023_P005161_PAN,E2023,P005161,"PAPAPETROU, IOANNIS",PAN,16.0,4.0,271.4,90,15,32,16,31,12,15,7,25,32,11,4,6,3,4,23,14,86,71,16.96,5.62,0.94,2.0,0.469,1.0,1.94,0.516,0.75,0.94,0.8,0.44,1.56,2.0,0.69,0.25,0.38,0.19,0.25,1.44,0.88,5.38,4.44
E2023_P012023_OLY,E2023,P012023,"PAPAS, GEORGE",OLY,2.0,0.0,6.3,2,1,1,0,2,0,0,0,0,0,0,0,0,0,0,0,0,0,-9,3.17,1.0,0.5,0.5,1.0,0.0,1.0,0.0,0.0,0.0,0.0,0.0,0.0,0.0,0.0,0.0,0.0,0.0,0.0,0.0,0.0,0.0,-4.5
E2023_P012745_BAR,E2023,P012745,"PARKER, JABARI",BAR,38.0,20.0,912.1,403,97,190,51,134,56,73,37,122,159,28,22,44,15,6,75,55,364,102,24.0,10.61,2.55,5.0,0.511,1.34,3.53,0.381,1.47,1.92,0.767,0.97,3.21,4.18,0.74,0.58,1.16,0.39,0.16,1.97,1.45,9.58,2.68
E2023_P007464_BAR,E2023,P007464,"PARRA, JOEL",BAR,26.0,1.0,340.3,77,16,33,12,44,9,13,22,35,57,10,6,13,3,0,34,19,72,-66,13.09,2.96,0.62,1.27,0.485,0.46,1.69,0.273,0.35,0.5,0.692,0.85,1.35,2.19,0.38,0.23,0.5,0.12,0.0,1.31,0.73,2.77,-2.54
E2023_P003204_BAR,E2023,P003204,"PAULI, ORIOL",BAR,14.0,0.0,93.3,33,12,15,2,16,3,4,5,11,16,7,1,7,1,0,13,8,28,3,6.66,2.36,0.86,1.07,0.8,0.14,1.14,0.125,0.21,0.29,0.75,0.36,0.79,1.14,0.5,0.07,0.5,0.07,0.0,0.93,0.57,2.0,0.21
E2023_P008829_OLY,E2023,P008829,"PETERS, ALEC",OLY,40.0,40.0,1017.4,524,112,191,76,142,72,82,49,145,194,62,18,53,4,15,90,86,575,60,25.44,13.1,2.8,4.78,0.586,1.9,3.55,0.535,1.8,2.05,0.878,1.23,3.62,4.85,1.55,0.45,1.32,0.1,0.38,2.25,2.15,14.38,1.5
E2023_P011194_OLY,E2023,P011194,"PETRUSEV, FILIP",OLY,22.0,1.0,343.7,138,45,89,4,14,36,46,9,64,73,14,7,15,11,8,32,48,172,40,15.62,6.27,2.05,4.05,0.506,0.18,0.64,0.286,1.64,2.09,0.783,0.41,2.91,3.32,0.64,0.32,0.68,0.5,0.36,1.45,2.18,7.82,1.82
E2023_P010560_ULK,E2023,P010560,"PIERRE, DYSHAWN",ULK,27.0,24.0,534.5,150,40,74,16,53,22,24,37,68,105,27,16,10,3,2,32,32,216,28,19.8,5.56,1.48,2.74,0.541,0.59,1.96,0.302,0.81,0.89,0.917,1.37,2.52,3.89,1.0,0.59,0.37,0.11,0.07,1.19,1.19,8.0,1.04
E2023_PLHK_IST,E2023,PLHK,"PLEISS, TIBOR",IST,23.0,19.0,414.4,179,45,86,27,62,8,9,28,55,83,16,8,15,14,2,33,11,184,-8,18.02,7.78,1.96,3.74,0.523,1.17,2.7,0.435,0.35,0.39,0.889,1.22,2.39,3.61,0.7,0.35,0.65,0.61,0.09,1.43,0.48,8.0,-0.35
E2023_P004887_MAD,E2023,P004887,"POIRIER, VINCENT",MAD,37.0,5.0,679.0,332,133,197,2,5,60,85,82,114,196,24,16,29,54,4,73,72,496,59,18.35,8.97,3.59,5.32,0.675,0.05,0.14,0.4,1.62,2.3,0.706,2.22,3.08,5.3,0.65,0.43,0.78,1.46,0.11,1.97,1.95,13.41,1.59
E2023_P002084_VIR,E2023,P002084,"POLONARA, ACHILLE",VIR,21.0,1.0,264.0,66,12,28,13,29,3,5,18,38,56,25,10,11,10,2,27,18,111,-12,12.57,3.14,0.57,1.33,0.429,0.62,1.38,0.448,0.14,0.24,0.6,0.86,1.81,2.67,1.19,0.48,0.52,0.48,0.1,1.29,0.86,5.29,-0.57
E2023_P004172_PAR,E2023,P004172,"PONITKA, MATEUSZ",PAR,26.0,14.0,362.1,63,20,40,5,21,8,9,23,33,56,19,11,16,1,3,41,27,80,-44,13.93,2.42,0.77,1.54,0.5,0.19,0.81,0.238,0.31,0.35,0.889,0.88,1.27,2.15,0.73,0.42,0.62,0.04,0.12,1.58,1.04,3.08,-1.69
E2023_P009960_MIL,E2023,P009960,"POYTHRESS, ALEX",MIL,30.0,9.0,386.0,158,66,107,1,5,23,29,35,45,80,4,10,29,11,7,74,39,141,3,12.86,5.27,2.2,3.57,0.617,0.03,0.17,0.2,0.77,0.97,0.793,1.17,1.5,2.67,0.13,0.33,0.97,0.37,0.23,2.47,1.3,4.7,0.1
E2023_P010393_PAM,E2023,P010393,"PRADILLA, JAIME",PAM,31.0,7.0,421.8,105,41,67,3,10,14,24,40,61,101,23,16,22,1,6,53,26,148,-60,13.61,3.39,1.32,2.16,0.612,0.1,0.32,0.3,0.45,0.77,0.583,1.29,1.97,3.26,0.74,0.52,0.71,0.03,0.19,1.71,0.84,4.77,-1.94
E2023_P008384_BER,E2023,P008384,"PROCIDA, GABRIELE",BER,25.0,3.0,436.4,207,46,79,27,93,34,45,13,28,41,23,36,25,9,7,20,47,201,-85,17.46,8.28,1.84,3.16,0.582,1.08,3.72,0.29,1.36,1.8,0.756,0.52,1.12,1.64,0.92,1.44,1.0,0.36,0.28,0.8,1.88,8.04,-3.4
E2023_P006643_PAM,E2023,P006643,"PUERTO, JOSEP",PAM,25.0,11.0,331.9,79,18,38,11,41,10,11,19,40,59,9,5,25,0,9,29,19,57,-69,13.28,3.16,0.72,1.52,0.474,0.44,1.64,0.268,0.4,0.44,0.909,0.76,1.6,2.36,0.36,0.2,1.0,0.0,0.36,1.16,0.76,2.28,-2.76
E2023_P009862_PAR,E2023,P009862,"PUNTER, KEVIN  XAVIER",PAR,28.0,24.0,815.5,419,102,192,41,117,92,102,9,64,73,72,32,63,6,11,66,111,397,-27,29.13,14.96,3.64,6.86,0.531,1.46,4.18,0.35,3.29,3.64,0.902,0.32,2.29,2.61,2.57,1.14,2.25,0.21,0.39,2.36,3.96,14.18,-0.96
E2023_P010788_BAS,E2023,P010788,"QUEREJETA, JOSEBA",BAS,0.0,0.0,0.0,0,0,0,0,0,0,0,0,0,0,0,0,0,0,0,0,0,0,0,0.0,0.0,0.0,0.0,0.0,0.0,0.0,0.0,0.0,0.0,0.0,0.0,0.0,0.0,0.0,0.0,0.0,0.0,0.0,0.0,0.0,0.0,0.0
E2023_P006543_MUN,E2023,P006543,"RADONCIC, DINO",MUN,16.0,0.0,143.9,20,5,11,1,3,7,11,13,21,34,7,4,9,1,2,20,8,31,11,8.99,1.25,0.31,0.69,0.455,0.06,0.19,0.333,0.44,0.69,0.636,0.81,1.31,2.12,0.44,0.25,0.56,0.06,0.12,1.25,0.5,1.94,0.69
E2023_P008850_BAS,E2023,P008850,"RAIESTE, SANDER",BAS,30.0,8.0,199.1,26,7,13,4,18,0,0,4,15,19,9,3,6,1,0,36,5,1,-88,6.64,0.87,0.23,0.43,0.538,0.13,0.6,0.222,0.0,0.0,0.0,0.13,0.5,0.63,0.3,0.1,0.2,0.03,0.0,1.2,0.17,0.03,-2.93
E2023_P011631_BER,E2023,P011631,"RAPIEQUE, ELIAS",BER,6.0,0.0,26.5,14,1,3,3,5,3,3,3,0,3,3,0,4,0,0,2,4,14,-2,4.41,2.33,0.17,0.5,0.333,0.5,0.83,0.6,0.5,0.5,1.0,0.5,0.0,0.5,0.5,0.0,0.67,0.0,0.0,0.33,0.67,2.33,-0.33
E2023_P012738_PAM,E2023,P012738,"REUVERS, NATHAN",PAM,29.0,11.0,431.2,141,36,73,17,64,18,27,17,50,67,14,6,19,13,2,71,33,89,-41,14.87,4.86,1.24,2.52,0.493,0.59,2.21,0.266,0.62,0.93,0.667,0.59,1.72,2.31,0.48,0.21,0.66,0.45,0.07,2.45,1.14,3.07,-1.41
E2023_P001518_MIL,E2023,P001518,"RICCI, GIAMPAOLO",MIL,22.0,2.0,152.9,18,3,8,4,23,0,0,11,13,24,2,6,1,2,0,30,3,0,-28,6.95,0.82,0.14,0.36,0.375,0.18,1.05,0.174,0.0,0.0,0.0,0.5,0.59,1.09,0.09,0.27,0.05,0.09,0.0,1.36,0.14,0.0,-1.27
E2023_P011214_TEL,E2023,P011214,"RIVERO, JASIEL",TEL,40.0,1.0,625.2,304,114,202,4,7,64,99,63,62,125,37,24,36,12,16,78,98,344,-27,15.63,7.6,2.85,5.05,0.564,0.1,0.18,0.571,1.6,2.48,0.646,1.58,1.55,3.12,0.92,0.6,0.9,0.3,0.4,1.95,2.45,8.6,-0.68
E2023_P012740_PAM,E2023,P012740,"ROBERTSON, KASSIUS",PAM,30.0,16.0,471.3,124,15,41,24,86,22,34,9,31,40,22,8,21,1,6,46,25,47,-9,15.71,4.13,0.5,1.37,0.366,0.8,2.87,0.279,0.73,1.13,0.647,0.3,1.03,1.33,0.73,0.27,0.7,0.03,0.2,1.53,0.83,1.57,-0.3
E2023_PCVM_MAD,E2023,PCVM,"RODRIGUEZ, SERGIO",MAD,32.0,0.0,486.4,142,21,59,31,87,7,8,4,40,44,136,16,49,0,1,72,24,145,-35,15.2,4.44,0.66,1.84,0.356,0.97,2.72,0.356,0.22,0.25,0.875,0.12,1.25,1.38,4.25,0.5,1.53,0.0,0.03,2.25,0.75,4.53,-1.09
E2023_P011085_BAS,E2023,P011085,"ROGKAVOPOULOS, NIKOLAOS",BAS,29.0,6.0,390.5,177,23,49,38,73,17,22,17,31,48,14,14,16,4,8,45,21,143,-5,13.46,6.1,0.79,1.69,0.469,1.31,2.52,0.521,0.59,0.76,0.773,0.59,1.07,1.66,0.48,0.48,0.55,0.14,0.28,1.55,0.72,4.93,-0.17
E2023_P012779_OLY,E2023,P012779,"ROZAKEAS, ANASTASIOS",OLY,0.0,0.0,0.0,0,0,0,0,0,0,0,0,0,0,0,0,0,0,0,0,0,0,0,0.0,0.0,0.0,0.0,0.0,0.0,0.0,0.0,0.0,0.0,0.0,0.0,0.0,0.0,0.0,0.0,0.0,0.0,0.0,0.0,0.0,0.0,0.0
E2023_PLFW_BAR,E2023,PLFW,"RUBIO, RICKY",BAR,13.0,3.0,224.7,61,13,40,4,22,23,27,10,32,42,56,18,27,0,2,29,33,103,-31,17.28,4.69,1.0,3.08,0.325,0.31,1.69,0.182,1.77,2.08,0.852,0.77,2.46,3.23,4.31,1.38,2.08,0.0,0.15,2.23,2.54,7.92,-2.38
E2023_P011630_BER,E2023,P011630,"RUF, LINUS",BER,0.0,0.0,0.0,0,0,0,0,0,0,0,0,0,0,0,0,0,0,0,0,0,0,0,0.0,0.0,0.0,0.0,0.0,0.0,0.0,0.0,0.0,0.0,0.0,0.0,0.0,0.0,0.0,0.0,0.0,0.0,0.0,0.0,0.0,0.0,0.0
E2023_P007550_BER,E2023,P007550,"SAMAR, ZIGA",BER,14.0,3.0,174.2,48,12,35,6,15,6,7,7,13,20,30,11,28,0,3,29,18,34,-123,12.44,3.43,0.86,2.5,0.343,0.43,1.07,0.4,0.43,0.5,0.857,0.5,0.93,1.43,2.14,0.79,2.0,0.0,0.21,2.07,1.29,2.43,-8.79
E2023_P011442_PAN,E2023,P011442,"SAMONTOUROV, ALEXANDROS",PAN,1.0,0.0,1.4,3,0,1,1,1,0,0,0,0,0,1,0,0,0,0,0,0,3,6,1.37,3.0,0.0,1.0,0.0,1.0,1.0,1.0,0.0,0.0,0.0,0.0,0.0,0.0,1.0,0.0,0.0,0.0,0.0,0.0,0.0,3.0,6.0
E2023_P002968_ULK,E2023,P002968,"SANLI, SERTAC",ULK,35.0,16.0,428.1,164,43,81,20,57,18,23,20,49,69,17,4,19,12,2,86,37,116,-27,12.23,4.69,1.23,2.31,0.531,0.57,1.63,0.351,0.51,0.66,0.783,0.57,1.4,1.97,0.49,0.11,0.54,0.34,0.06,2.46,1.06,3.31,-0.77
E2023_P011666_BAR,E2023,P011666,"SARR, DAME",BAR,2.0,0.0,2.9,0,0,1,0,2,0,0,0,0,0,0,0,0,0,0,0,0,-3,-6,1.47,0.0,0.0,0.5,0.0,0.0,1.0,0.0,0.0,0.0,0.0,0.0,0.0,0.0,0.0,0.0,0.0,0.0,0.0,0.0,0.0,-1.5,-3.0
E2023_P002939_BAR,E2023,P002939,"SATORANSKY, TOMAS",BAR,39.0,36.0,976.2,273,59,114,37,101,44,61,24,145,169,157,42,52,5,7,85,78,444,103,25.03,7.0,1.51,2.92,0.518,0.95,2.59,0.366,1.13,1.56,0.721,0.62,3.72,4.33,4.03,1.08,1.33,0.13,0.18,2.18,2.0,11.38,2.64
E2023_P006251_BER,E2023,P006251,"SCHNEIDER, TIM",BER,33.0,9.0,530.3,142,37,60,20,81,8,15,27,44,71,20,9,18,1,5,55,29,103,-243,16.07,4.3,1.12,1.82,0.617,0.61,2.45,0.247,0.24,0.45,0.533,0.82,1.33,2.15,0.61,0.27,0.55,0.03,0.15,1.67,0.88,3.12,-7.36
E2023_P012729_ASV,E2023,P012729,"SCOTT, MIKE",ASV,29.0,7.0,644.6,302,80,132,37,108,31,38,28,85,113,35,11,27,0,10,52,38,280,-85,22.23,10.41,2.76,4.55,0.606,1.28,3.72,0.343,1.07,1.31,0.816,0.97,2.93,3.9,1.21,0.38,0.93,0.0,0.34,1.79,1.31,9.66,-2.93
E2023_P007230_BAS,E2023,P007230,"SEDEKERSKIS, TADAS",BAS,35.0,32.0,969.7,309,96,142,21,54,54,67,59,176,235,50,19,37,13,13,48,76,512,-142,27.71,8.83,2.74,4.06,0.676,0.6,1.54,0.389,1.54,1.91,0.806,1.69,5.03,6.71,1.43,0.54,1.06,0.37,0.37,1.37,2.17,14.63,-4.06
E2023_P011980_ULK,E2023,P011980,"SESTINA, NATHAN",ULK,35.0,4.0,402.0,127,21,34,25,65,10,17,13,41,54,14,11,8,7,1,60,17,101,50,11.49,3.63,0.6,0.97,0.618,0.71,1.86,0.385,0.29,0.49,0.588,0.37,1.17,1.54,0.4,0.31,0.23,0.2,0.03,1.71,0.49,2.89,1.43
E2023_P001133_VIR,E2023,P001133,"SHENGELIA, TORNIKE",VIR,33.0,31.0,904.8,480,145,248,25,98,115,146,45,121,166,110,33,88,7,16,81,170,574,-37,27.42,14.55,4.39,7.52,0.585,0.76,2.97,0.255,3.48,4.42,0.788,1.36,3.67,5.03,3.33,1.0,2.67,0.21,0.48,2.45,5.15,17.39,-1.12
E2023_P007831_MIL,E2023,P007831,"SHIELDS, SHAVON",MIL,29.0,28.0,882.8,456,85,144,74,190,64,78,19,89,108,82,39,60,2,7,48,103,486,-9,30.44,15.72,2.93,4.97,0.59,2.55,6.55,0.389,2.21,2.69,0.821,0.66,3.07,3.72,2.83,1.34,2.07,0.07,0.24,1.66,3.55,16.76,-0.31
E2023_P006589_OLY,E2023,P006589,"SIKMA, LUKE",OLY,22.0,4.0,245.3,59,21,40,2,7,11,20,28,31,59,12,9,11,4,4,35,24,84,-7,11.15,2.68,0.95,1.82,0.525,0.09,0.32,0.286,0.5,0.91,0.55,1.27,1.41,2.68,0.55,0.41,0.5,0.18,0.18,1.59,1.09,3.82,-0.32
E2023_P012711_RED,E2023,P012711,"SIMONOVIC, MARKO",RED,11.0,3.0,82.8,31,11,20,2,11,3,4,8,8,16,1,5,8,0,0,17,4,13,-13,7.53,2.82,1.0,1.82,0.55,0.18,1.0,0.182,0.27,0.36,0.75,0.73,0.73,1.45,0.09,0.45,0.73,0.0,0.0,1.55,0.36,1.18,-1.18
E2023_P001926_PAN,E2023,P001926,"SLOUKAS, KOSTAS",PAN,34.0,15.0,891.9,432,78,132,59,142,99,116,21,88,109,189,26,80,1,13,61,101,550,169,26.23,12.71,2.29,3.88,0.591,1.74,4.18,0.415,2.91,3.41,0.853,0.62,2.59,3.21,5.56,0.76,2.35,0.03,0.38,1.79,2.97,16.18,4.97
E2023_P011051_PAR,E2023,P011051,"SMAILAGIC, ALEN",PAR,31.0,11.0,491.6,172,52,81,12,26,32,44,32,36,68,18,18,21,12,2,69,53,194,-29,15.86,5.55,1.68,2.61,0.642,0.39,0.84,0.462,1.03,1.42,0.727,1.03,1.16,2.19,0.58,0.58,0.68,0.39,0.06,2.23,1.71,6.26,-0.94
E2023_P012801_RED,E2023,P012801,"SMART, JAVONTE",RED,12.0,3.0,210.1,86,23,39,8,46,16,16,5,19,24,16,4,15,2,4,15,14,58,-33,17.51,7.17,1.92,3.25,0.59,0.67,3.83,0.174,1.33,1.33,1.0,0.42,1.58,2.0,1.33,0.33,1.25,0.17,0.33,1.25,1.17,4.83,-2.75
E2023_P011192_VIR,E2023,P011192,"SMITH, JALEEN",VIR,13.0,2.0,147.8,69,10,21,14,29,7,8,8,11,19,11,7,9,1,2,15,6,60,19,11.37,5.31,0.77,1.62,0.476,1.08,2.23,0.483,0.54,0.62,0.875,0.62,0.85,1.46,0.85,0.54,0.69,0.08,0.15,1.15,0.46,4.62,1.46
E2023_P011192_PAR,E2023,P011192,"SMITH, JALEEN",PAR,7.0,2.0,126.4,47,10,18,7,18,6,6,3,9,12,9,5,5,1,3,12,11,46,8,18.05,6.71,1.43,2.57,0.556,1.0,2.57,0.389,0.86,0.86,1.0,0.43,1.29,1.71,1.29,0.71,0.71,0.14,0.43,1.71,1.57,6.57,1.14
E2023_P007109_ZAL,E2023,P007109,"SMITS, ROLANDS",ZAL,31.0,24.0,711.1,326,83,132,42,112,34,44,35,97,132,38,19,39,3,11,79,64,324,-30,22.94,10.52,2.68,4.26,0.629,1.35,3.61,0.375,1.1,1.42,0.773,1.13,3.13,4.26,1.23,0.61,1.26,0.1,0.35,2.55,2.06,10.45,-0.97
E2023_P011219_TEL,E2023,P011219,"SORKIN, ROMAN",TEL,32.0,7.0,504.3,217,74,133,12,32,33,42,44,56,100,16,9,33,18,8,61,39,209,-82,15.76,6.78,2.31,4.16,0.556,0.38,1.0,0.375,1.03,1.31,0.786,1.38,1.75,3.12,0.5,0.28,1.03,0.56,0.25,1.91,1.22,6.53,-2.56
E2023_P008173_BER,E2023,P008173,"SPAGNOLO, MATTEO",BER,25.0,17.0,512.3,182,61,141,8,36,36,41,10,46,56,86,7,62,0,10,43,50,153,-127,20.49,7.28,2.44,5.64,0.433,0.32,1.44,0.222,1.44,1.64,0.878,0.4,1.84,2.24,3.44,0.28,2.48,0.0,0.4,1.72,2.0,6.12,-5.08
E2023_P008099_MCO,E2023,P008099,"STRAZEL, MATTHEW",MCO,17.0,11.0,223.3,75,16,36,8,25,19,24,0,11,11,30,9,5,0,2,18,27,85,3,13.13,4.41,0.94,2.12,0.444,0.47,1.47,0.32,1.12,1.41,0.792,0.0,0.65,0.65,1.76,0.53,0.29,0.0,0.12,1.06,1.59,5.0,0.18
E2023_P012787_ZAL,E2023,P012787,"SUMNER, EDMOND",ZAL,23.0,7.0,309.0,158,31,65,22,56,30,37,3,23,26,41,19,46,2,7,50,31,99,31,13.43,6.87,1.35,2.83,0.477,0.96,2.43,0.393,1.3,1.61,0.811,0.13,1.0,1.13,1.78,0.83,2.0,0.09,0.3,2.17,1.35,4.3,1.35
E2023_P010631_OLY,E2023,P010631,"TANOULIS, GEORGIOS",OLY,1.0,0.0,1.1,0,0,0,0,0,0,0,0,0,0,0,0,0,0,0,0,0,0,-3,1.08,0.0,0.0,0.0,0.0,0.0,0.0,0.0,0.0,0.0,0.0,0.0,0.0,0.0,0.0,0.0,0.0,0.0,0.0,0.0,0.0,0.0,-3.0
E2023_P012515_MCO,E2023,P012515,"TARPEY, TERRY",MCO,6.0,2.0,59.9,7,1,6,1,2,2,2,2,5,7,5,3,3,1,0,13,2,3,8,9.98,1.17,0.17,1.0,0.167,0.17,0.33,0.5,0.33,0.33,1.0,0.33,0.83,1.17,0.83,0.5,0.5,0.17,0.0,2.17,0.33,0.5,1.33
E2023_P005791_MAD,E2023,P005791,"TAVARES, WALTER",MAD,34.0,33.0,778.0,320,122,201,0,0,76,103,78,142,220,49,24,59,52,4,90,102,508,254,22.88,9.41,3.59,5.91,0.607,0.0,0.0,0.0,2.24,3.03,0.738,2.29,4.18,6.47,1.44,0.71,1.74,1.53,0.12,2.65,3.0,14.94,7.47
E2023_PJDR_RED,E2023,PJDR,"TEODOSIC, MILOS",RED,27.0,4.0,569.7,254,24,49,49,144,59,72,13,42,55,158,19,53,2,4,72,69,295,96,21.1,9.41,0.89,1.81,0.49,1.81,5.33,0.34,2.19,2.67,0.819,0.48,1.56,2.04,5.85,0.7,1.96,0.07,0.15,2.67,2.56,10.93,3.56
E2023_P007946_BAS,E2023,P007946,"THEODORE, JORDAN",BAS,12.0,1.0,118.0,42,13,21,2,6,10,12,3,5,8,13,2,11,0,1,15,6,30,8,9.83,3.5,1.08,1.75,0.619,0.17,0.5,0.333,0.83,1.0,0.833,0.25,0.42,0.67,1.08,0.17,0.92,0.0,0.08,1.25,0.5,2.5,0.67
E2023_P003958_BER,E2023,P003958,"THIEMANN, JOHANNES",BER,29.0,24.0,727.0,369,102,192,22,64,99,126,43,109,152,55,25,49,2,26,35,143,477,-82,25.07,12.72,3.52,6.62,0.531,0.76,2.21,0.344,3.41,4.34,0.786,1.48,3.76,5.24,1.9,0.86,1.69,0.07,0.9,1.21,4.93,16.45,-2.83
E2023_P005094_ASV,E2023,P005094,"THOMAS, DESHAUN",ASV,10.0,8.0,232.6,85,29,48,5,23,12,16,11,27,38,15,2,8,1,3,11,14,92,-32,23.26,8.5,2.9,4.8,0.604,0.5,2.3,0.217,1.2,1.6,0.75,1.1,2.7,3.8,1.5,0.2,0.8,0.1,0.3,1.1,1.4,9.2,-3.2
E2023_P008967_BER,E2023,P008967,"THOMAS, MATT",BER,30.0,19.0,659.0,303,41,86,63,146,32,36,14,46,60,49,14,36,0,4,42,27,239,-144,21.96,10.1,1.37,2.87,0.477,2.1,4.87,0.432,1.07,1.2,0.889,0.47,1.53,2.0,1.63,0.47,1.2,0.0,0.13,1.4,0.9,7.97,-4.8
E2023_P012095_TEL,E2023,P012095,"THOMASSON, JOE",TEL,4.0,0.0,26.8,4,1,4,0,6,2,2,0,6,6,5,3,3,2,0,3,2,7,0,6.69,1.0,0.25,1.0,0.25,0.0,1.5,0.0,0.5,0.5,1.0,0.0,1.5,1.5,1.25,0.75,0.75,0.5,0.0,0.75,0.5,1.75,0.0
E2023_P005836_RED,E2023,P005836,"THOMPKINS, TREY",RED,1.0,0.0,10.2,3,0,1,1,2,0,0,1,0,1,0,0,0,0,0,2,0,0,-19,10.17,3.0,0.0,1.0,0.0,1.0,2.0,0.5,0.0,0.0,0.0,1.0,0.0,1.0,0.0,0.0,0.0,0.0,0.0,2.0,0.0,0.0,-19.0
E2023_P011078_IST,E2023,P011078,"THOMPSON, DARIUS",IST,35.0,21.0,909.4,381,101,197,39,119,62,74,21,49,70,98,35,55,19,13,86,77,338,52,25.98,10.89,2.89,5.63,0.513,1.11,3.4,0.328,1.77,2.11,0.838,0.6,1.4,2.0,2.8,1.0,1.57,0.54,0.37,2.46,2.2,9.66,1.49
E2023_P008966_RED,E2023,P008966,"TOBEY, MIKE",RED,30.0,2.0,328.3,110,33,67,12,45,8,13,28,42,70,10,5,16,13,4,49,16,83,46,10.94,3.67,1.1,2.23,0.493,0.4,1.5,0.267,0.27,0.43,0.615,0.93,1.4,2.33,0.33,0.17,0.53,0.43,0.13,1.63,0.53,2.77,1.53
E2023_P006509_MIL,E2023,P006509,"TONUT, STEFANO",MIL,29.0,7.0,495.3,167,33,62,30,61,11,17,8,44,52,34,18,16,1,6,40,26,170,-65,17.08,5.76,1.14,2.14,0.532,1.03,2.1,0.492,0.38,0.59,0.647,0.28,1.52,1.79,1.17,0.62,0.55,0.03,0.21,1.38,0.9,5.86,-2.24
E2023_P010985_RED,E2023,P010985,"TOPIC, NIKOLA",RED,2.0,2.0,30.8,7,3,6,0,2,1,1,2,1,3,7,1,2,0,0,4,2,9,0,15.38,3.5,1.5,3.0,0.5,0.0,1.0,0.0,0.5,0.5,1.0,1.0,0.5,1.5,3.5,0.5,1.0,0.0,0.0,2.0,1.0,4.5,0.0
E2023_P012739_PAM,E2023,P012739,"TOURE, BOUBACAR",PAM,21.0,8.0,288.0,83,35,62,0,0,13,24,32,55,87,4,7,19,12,8,40,27,115,-38,13.72,3.95,1.67,2.95,0.565,0.0,0.0,0.0,0.62,1.14,0.542,1.52,2.62,4.14,0.19,0.33,0.9,0.57,0.38,1.9,1.29,5.48,-1.81
E2023_P007673_PAR,E2023,P007673,"TRIFUNOVIC, UROS",PAR,19.0,5.0,264.4,54,11,20,8,25,8,8,9,19,28,9,5,6,1,0,25,13,53,-41,13.92,2.84,0.58,1.05,0.55,0.42,1.32,0.32,0.42,0.42,1.0,0.47,1.0,1.47,0.47,0.26,0.32,0.05,0.0,1.32,0.68,2.79,-2.16
E2023_P012415_IST,E2023,P012415,"TUNCA, MELIH",IST,3.0,0.0,4.9,0,0,2,0,1,0,0,0,0,0,0,3,1,0,1,1,0,-3,-4,1.63,0.0,0.0,0.67,0.0,0.0,0.33,0.0,0.0,0.0,0.0,0.0,0.0,0.0,0.0,1.0,0.33,0.0,0.33,0.33,0.0,-1.0,-1.33
E2023_P002329_ZAL,E2023,P002329,"ULANOVAS, EDGARAS",ZAL,34.0,32.0,952.0,259,72,136,19,67,58,67,44,95,139,96,20,39,3,8,80,96,365,16,28.0,7.62,2.12,4.0,0.529,0.56,1.97,0.284,1.71,1.97,0.866,1.29,2.79,4.09,2.82,0.59,1.15,0.09,0.24,2.35,2.82,10.74,0.47
E2023_P000925_BAR,E2023,P000925,"VESELY, JAN",BAR,38.0,37.0,831.5,469,184,298,2,7,95,119,71,93,164,49,39,43,18,12,94,118,565,176,21.88,12.34,4.84,7.84,0.617,0.05,0.18,0.286,2.5,3.13,0.798,1.87,2.45,4.32,1.29,1.03,1.13,0.47,0.32,2.47,3.11,14.87,4.63
E2023_P007947_PAN,E2023,P007947,"VILDOZA, LUCA",PAN,28.0,5.0,418.4,160,21,50,34,93,16,21,10,32,42,41,17,29,0,6,21,18,129,-36,14.94,5.71,0.75,1.79,0.42,1.21,3.32,0.366,0.57,0.75,0.762,0.36,1.14,1.5,1.46,0.61,1.04,0.0,0.21,0.75,0.64,4.61,-1.29
E2023_P007201_MIL,E2023,P007201,"VOIGTMANN, JOHANNES",MIL,34.0,18.0,687.2,237,70,112,24,83,25,37,35,115,150,70,14,47,13,1,45,42,320,-23,20.21,6.97,2.06,3.29,0.625,0.71,2.44,0.289,0.74,1.09,0.676,1.03,3.38,4.41,2.06,0.41,1.38,0.38,0.03,1.32,1.24,9.41,-0.68
E2023_P009212_PAR,E2023,P009212,"VUKCEVIC, TRISTAN",PAR,12.0,4.0,111.9,50,8,14,6,15,16,17,4,24,28,6,3,8,5,1,17,11,61,3,9.33,4.17,0.67,1.17,0.571,0.5,1.25,0.4,1.33,1.42,0.941,0.33,2.0,2.33,0.5,0.25,0.67,0.42,0.08,1.42,0.92,5.08,0.25
E2023_P012709_MCO,E2023,P012709,"WALKER, KEMBA",MCO,26.0,1.0,286.6,115,17,40,20,55,21,27,8,29,37,29,11,15,1,5,24,35,120,-1,11.02,4.42,0.65,1.54,0.425,0.77,2.12,0.364,0.81,1.04,0.778,0.31,1.12,1.42,1.12,0.42,0.58,0.04,0.19,0.92,1.35,4.62,-0.04
E2023_P008855_OLY,E2023,P008855,"WALKUP, THOMAS",OLY,40.0,40.0,1056.1,314,61,129,51,169,39,51,25,95,120,189,62,73,2,9,104,69,372,166,26.4,7.85,1.52,3.22,0.473,1.27,4.22,0.302,0.98,1.27,0.765,0.62,2.38,3.0,4.72,1.55,1.82,0.05,0.22,2.6,1.72,9.3,4.15
E2023_P011971_TEL,E2023,P011971,"WEBB III, JAMES",TEL,39.0,2.0,612.5,242,45,83,38,115,38,49,34,90,124,19,20,17,10,10,81,51,232,92,15.7,6.21,1.15,2.13,0.542,0.97,2.95,0.33,0.97,1.26,0.776,0.87,2.31,3.18,0.49,0.51,0.44,0.26,0.26,2.08,1.31,5.95,2.36
E2023_P006245_MUN,E2023,P006245,"WEIDEMANN, NELSON",MUN,6.0,2.0,27.0,8,1,3,2,5,0,1,1,4,5,4,0,4,0,0,5,2,4,-14,4.5,1.33,0.17,0.5,0.333,0.33,0.83,0.4,0.0,0.17,0.0,0.17,0.67,0.83,0.67,0.0,0.67,0.0,0.0,0.83,0.33,0.67,-2.33
E2023_P010391_MUN,E2023,P010391,"WEILER-BABB, NICK",MUN,34.0,4.0,739.5,211,28,50,46,119,17,20,31,78,109,73,25,30,4,5,76,40,253,-75,21.75,6.21,0.82,1.47,0.56,1.35,3.5,0.387,0.5,0.59,0.85,0.91,2.29,3.21,2.15,0.74,0.88,0.12,0.15,2.24,1.18,7.44,-2.21
E2023_P011934_BER,E2023,P011934,"WETZELL, YANNI",BER,27.0,17.0,539.4,213,85,161,1,5,40,60,37,58,95,23,17,40,7,14,61,48,188,-205,19.98,7.89,3.15,5.96,0.528,0.04,0.19,0.2,1.48,2.22,0.667,1.37,2.15,3.52,0.85,0.63,1.48,0.26,0.52,2.26,1.78,6.96,-7.59
E2023_P006661_ULK,E2023,P006661,"WILBEKIN, SCOTTIE",ULK,41.0,18.0,1010.9,534,49,115,122,304,70,80,22,70,92,137,46,68,1,4,72,106,514,143,24.66,13.02,1.2,2.8,0.426,2.98,7.41,0.401,1.71,1.95,0.875,0.54,1.71,2.24,3.34,1.12,1.66,0.02,0.1,1.76,2.59,12.54,3.49
E2023_P007982_OLY,E2023,P007982,"WILLIAMS-GOSS, NIGEL",OLY,32.0,0.0,703.8,291,82,182,34,81,25,33,11,63,74,105,37,51,1,12,80,55,265,90,21.99,9.09,2.56,5.69,0.451,1.06,2.53,0.42,0.78,1.03,0.758,0.34,1.97,2.31,3.28,1.16,1.59,0.03,0.38,2.5,1.72,8.28,2.81
E2023_P009664_IST,E2023,P009664,"WILLIS, DEREK",IST,26.0,12.0,599.1,191,27,51,40,90,17,18,24,73,97,21,15,13,7,4,36,32,235,65,23.04,7.35,1.04,1.96,0.529,1.54,3.46,0.444,0.65,0.69,0.944,0.92,2.81,3.73,0.81,0.58,0.5,0.27,0.15,1.38,1.23,9.04,2.5
E2023_P005478_MUN,E2023,P005478,"WIMBERG, NIKLAS",MUN,12.0,0.0,93.6,15,3,6,2,6,3,4,6,10,16,5,1,4,4,0,13,4,20,-16,7.8,1.25,0.25,0.5,0.5,0.17,0.5,0.333,0.25,0.33,0.75,0.5,0.83,1.33,0.42,0.08,0.33,0.33,0.0,1.08,0.33,1.67,-1.33
E2023_P012878_OLY,E2023,P012878,"WRIGHT, MOSES",OLY,17.0,2.0,236.1,138,50,70,2,4,32,52,18,31,49,8,16,12,11,5,28,38,173,50,13.89,8.12,2.94,4.12,0.714,0.12,0.24,0.5,1.88,3.06,0.615,1.06,1.82,2.88,0.47,0.94,0.71,0.65,0.29,1.65,2.24,10.18,2.94
E2023_P011386_ASV,E2023,P011386,"YAACOV, NOAM",ASV,26.0,2.0,261.4,57,19,47,2,17,13,18,4,15,19,33,8,18,0,8,39,23,27,-51,10.05,2.19,0.73,1.81,0.404,0.08,0.65,0.118,0.5,0.69,0.722,0.15,0.58,0.73,1.27,0.31,0.69,0.0,0.31,1.5,0.88,1.04,-1.96
E2023_P010357_MAD,E2023,P010357,"YABUSELE, GUERSCHON",MAD,27.0,13.0,636.9,284,60,92,35,76,59,68,28,103,131,26,22,24,5,3,39,62,382,121,23.59,10.52,2.22,3.41,0.652,1.3,2.81,0.461,2.19,2.52,0.868,1.04,3.81,4.85,0.96,0.81,0.89,0.19,0.11,1.44,2.3,14.15,4.48
E2023_P004093_IST,E2023,P004093,"YILDIZLI, BURAKCAN",IST,1.0,0.0,1.6,0,0,0,0,0,0,0,0,0,0,0,0,0,0,0,0,0,0,0,1.55,0.0,0.0,0.0,0.0,0.0,0.0,0.0,0.0,0.0,0.0,0.0,0.0,0.0,0.0,0.0,0.0,0.0,0.0,0.0,0.0,0.0,0.0
E2023_P006372_IST,E2023,P006372,"YILMAZ, ERKAN",IST,14.0,3.0,124.1,20,4,9,4,14,0,4,7,18,25,15,9,6,4,0,24,6,30,-26,8.87,1.43,0.29,0.64,0.444,0.29,1.0,0.286,0.0,0.29,0.0,0.5,1.29,1.79,1.07,0.64,0.43,0.29,0.0,1.71,0.43,2.14,-1.86
E2023_P004554_VIR,E2023,P004554,"ZIZIC, ANTE",VIR,17.0,3.0,221.8,60,27,47,0,0,6,15,18,27,45,9,2,12,10,4,25,21,77,4,13.04,3.53,1.59,2.76,0.574,0.0,0.0,0.0,0.35,0.88,0.4,1.06,1.59,2.65,0.53,0.12,0.71,0.59,0.24,1.47,1.24,4.53,0.24
E2023_P004554_IST,E2023,P004554,"ZIZIC, ANTE",IST,13.0,7.0,206.8,84,35,49,0,0,14,20,14,22,36,9,7,9,2,1,14,22,116,-1,15.9,6.46,2.69,3.77,0.714,0.0,0.0,0.0,1.08,1.54,0.7,1.08,1.69,2.77,0.69,0.54,0.69,0.15,0.08,1.08,1.69,8.92,-0.08
